,LapTime,Driver,LapNumber,Stint,Compound,TyreLife,Team,TrackStatus,Position,FastestQualifyingLapTime
0,100236.0,VER,1.0,1.0,SOFT,4.0,Red Bull Racing,1,2.0,90681.0
1,97880.0,VER,2.0,1.0,SOFT,5.0,Red Bull Racing,1,2.0,90681.0
2,98357.0,VER,3.0,1.0,SOFT,6.0,Red Bull Racing,1,2.0,90681.0
3,98566.0,VER,4.0,1.0,SOFT,7.0,Red Bull Racing,1,2.0,90681.0
4,98877.0,VER,5.0,1.0,SOFT,8.0,Red Bull Racing,1,2.0,90681.0
5,98940.0,VER,6.0,1.0,SOFT,9.0,Red Bull Racing,1,2.0,90681.0
6,99062.0,VER,7.0,1.0,SOFT,10.0,Red Bull Racing,1,2.0,90681.0
7,99092.0,VER,8.0,1.0,SOFT,11.0,Red Bull Racing,1,2.0,90681.0
8,99251.0,VER,9.0,1.0,SOFT,12.0,Red Bull Racing,1,2.0,90681.0
9,99392.0,VER,10.0,1.0,SOFT,13.0,Red Bull Racing,1,2.0,90681.0
10,99479.0,VER,11.0,1.0,SOFT,14.0,Red Bull Racing,1,2.0,90681.0
11,99410.0,VER,12.0,1.0,SOFT,15.0,Red Bull Racing,1,2.0,90681.0
12,99534.0,VER,13.0,1.0,SOFT,16.0,Red Bull Racing,1,2.0,90681.0
13,102050.0,VER,14.0,1.0,SOFT,17.0,Red Bull Racing,1,2.0,90681.0
14,117409.0,VER,15.0,2.0,SOFT,1.0,Red Bull Racing,2,4.0,90681.0
15,96905.0,VER,16.0,2.0,SOFT,2.0,Red Bull Racing,1,2.0,90681.0
16,97587.0,VER,17.0,2.0,SOFT,3.0,Red Bull Racing,1,2.0,90681.0
17,97717.0,VER,18.0,2.0,SOFT,4.0,Red Bull Racing,1,2.0,90681.0
18,97728.0,VER,19.0,2.0,SOFT,5.0,Red Bull Racing,1,2.0,90681.0
19,98257.0,VER,20.0,2.0,SOFT,6.0,Red Bull Racing,1,2.0,90681.0
20,98294.0,VER,21.0,2.0,SOFT,7.0,Red Bull Racing,1,2.0,90681.0
21,98243.0,VER,22.0,2.0,SOFT,8.0,Red Bull Racing,1,2.0,90681.0
22,98091.0,VER,23.0,2.0,SOFT,9.0,Red Bull Racing,1,2.0,90681.0
23,98187.0,VER,24.0,2.0,SOFT,10.0,Red Bull Racing,1,2.0,90681.0
24,98372.0,VER,25.0,2.0,SOFT,11.0,Red Bull Racing,1,2.0,90681.0
25,98476.0,VER,26.0,2.0,SOFT,12.0,Red Bull Racing,1,2.0,90681.0
26,98823.0,VER,27.0,2.0,SOFT,13.0,Red Bull Racing,1,2.0,90681.0
27,98782.0,VER,28.0,2.0,SOFT,14.0,Red Bull Racing,1,2.0,90681.0
28,99384.0,VER,29.0,2.0,SOFT,15.0,Red Bull Racing,1,2.0,90681.0
29,101537.0,VER,30.0,2.0,SOFT,16.0,Red Bull Racing,1,2.0,90681.0
30,117239.0,VER,31.0,3.0,MEDIUM,1.0,Red Bull Racing,1,4.0,90681.0
31,96527.0,VER,32.0,3.0,MEDIUM,2.0,Red Bull Racing,1,4.0,90681.0
32,96347.0,VER,33.0,3.0,MEDIUM,3.0,Red Bull Racing,1,4.0,90681.0
33,96384.0,VER,34.0,3.0,MEDIUM,4.0,Red Bull Racing,1,2.0,90681.0
34,96731.0,VER,35.0,3.0,MEDIUM,5.0,Red Bull Racing,1,2.0,90681.0
35,96920.0,VER,36.0,3.0,MEDIUM,6.0,Red Bull Racing,1,2.0,90681.0
36,96962.0,VER,37.0,3.0,MEDIUM,7.0,Red Bull Racing,1,2.0,90681.0
37,96898.0,VER,38.0,3.0,MEDIUM,8.0,Red Bull Racing,1,2.0,90681.0
38,97255.0,VER,39.0,3.0,MEDIUM,9.0,Red Bull Racing,1,2.0,90681.0
39,97308.0,VER,40.0,3.0,MEDIUM,10.0,Red Bull Racing,1,2.0,90681.0
40,97284.0,VER,41.0,3.0,MEDIUM,11.0,Red Bull Racing,1,2.0,90681.0
41,97855.0,VER,42.0,3.0,MEDIUM,12.0,Red Bull Racing,1,2.0,90681.0
42,99787.0,VER,43.0,3.0,MEDIUM,13.0,Red Bull Racing,1,2.0,90681.0
43,117242.0,VER,44.0,4.0,SOFT,4.0,Red Bull Racing,1,3.0,90681.0
44,95747.0,VER,45.0,4.0,SOFT,5.0,Red Bull Racing,1,2.0,90681.0
45,129941.0,VER,46.0,4.0,SOFT,6.0,Red Bull Racing,64,2.0,90681.0
46,134782.0,VER,47.0,4.0,SOFT,7.0,Red Bull Racing,4,2.0,90681.0
47,,VER,48.0,4.0,SOFT,8.0,Red Bull Racing,4,2.0,90681.0
48,145374.0,VER,49.0,4.0,SOFT,9.0,Red Bull Racing,4,2.0,90681.0
49,144508.0,VER,50.0,4.0,SOFT,10.0,Red Bull Racing,4,2.0,90681.0
50,95440.0,VER,51.0,4.0,SOFT,11.0,Red Bull Racing,1,2.0,90681.0
51,95462.0,VER,52.0,4.0,SOFT,12.0,Red Bull Racing,1,2.0,90681.0
52,95927.0,VER,53.0,4.0,SOFT,13.0,Red Bull Racing,1,2.0,90681.0
53,124094.0,VER,54.0,4.0,SOFT,14.0,Red Bull Racing,1,13.0,90681.0
54,104270.0,GAS,1.0,1.0,SOFT,4.0,AlphaTauri,1,8.0,91635.0
55,100169.0,GAS,2.0,1.0,SOFT,5.0,AlphaTauri,1,8.0,91635.0
56,99968.0,GAS,3.0,1.0,SOFT,6.0,AlphaTauri,1,8.0,91635.0
57,100158.0,GAS,4.0,1.0,SOFT,7.0,AlphaTauri,1,8.0,91635.0
58,100249.0,GAS,5.0,1.0,SOFT,8.0,AlphaTauri,1,8.0,91635.0
59,100474.0,GAS,6.0,1.0,SOFT,9.0,AlphaTauri,1,8.0,91635.0
60,100433.0,GAS,7.0,1.0,SOFT,10.0,AlphaTauri,1,8.0,91635.0
61,100684.0,GAS,8.0,1.0,SOFT,11.0,AlphaTauri,1,8.0,91635.0
62,100844.0,GAS,9.0,1.0,SOFT,12.0,AlphaTauri,1,8.0,91635.0
63,100981.0,GAS,10.0,1.0,SOFT,13.0,AlphaTauri,1,8.0,91635.0
64,101089.0,GAS,11.0,1.0,SOFT,14.0,AlphaTauri,1,8.0,91635.0
65,101347.0,GAS,12.0,1.0,SOFT,15.0,AlphaTauri,1,7.0,91635.0
66,101256.0,GAS,13.0,1.0,SOFT,16.0,AlphaTauri,1,7.0,91635.0
67,104005.0,GAS,14.0,1.0,SOFT,17.0,AlphaTauri,2,7.0,91635.0
68,121397.0,GAS,15.0,2.0,MEDIUM,1.0,AlphaTauri,1,12.0,91635.0
69,98705.0,GAS,16.0,2.0,MEDIUM,2.0,AlphaTauri,1,8.0,91635.0
70,98868.0,GAS,17.0,2.0,MEDIUM,3.0,AlphaTauri,1,8.0,91635.0
71,98888.0,GAS,18.0,2.0,MEDIUM,4.0,AlphaTauri,1,8.0,91635.0
72,99416.0,GAS,19.0,2.0,MEDIUM,5.0,AlphaTauri,1,8.0,91635.0
73,99134.0,GAS,20.0,2.0,MEDIUM,6.0,AlphaTauri,1,8.0,91635.0
74,99083.0,GAS,21.0,2.0,MEDIUM,7.0,AlphaTauri,1,8.0,91635.0
75,99152.0,GAS,22.0,2.0,MEDIUM,8.0,AlphaTauri,1,8.0,91635.0
76,99310.0,GAS,23.0,2.0,MEDIUM,9.0,AlphaTauri,1,8.0,91635.0
77,99363.0,GAS,24.0,2.0,MEDIUM,10.0,AlphaTauri,1,8.0,91635.0
78,99485.0,GAS,25.0,2.0,MEDIUM,11.0,AlphaTauri,1,8.0,91635.0
79,99513.0,GAS,26.0,2.0,MEDIUM,12.0,AlphaTauri,1,8.0,91635.0
80,99919.0,GAS,27.0,2.0,MEDIUM,13.0,AlphaTauri,1,8.0,91635.0
81,99665.0,GAS,28.0,2.0,MEDIUM,14.0,AlphaTauri,1,7.0,91635.0
82,99677.0,GAS,29.0,2.0,MEDIUM,15.0,AlphaTauri,1,7.0,91635.0
83,99800.0,GAS,30.0,2.0,MEDIUM,16.0,AlphaTauri,1,7.0,91635.0
84,100874.0,GAS,31.0,2.0,MEDIUM,17.0,AlphaTauri,1,8.0,91635.0
85,102305.0,GAS,32.0,2.0,MEDIUM,18.0,AlphaTauri,1,8.0,91635.0
86,120808.0,GAS,33.0,3.0,HARD,1.0,AlphaTauri,1,10.0,91635.0
87,97324.0,GAS,34.0,3.0,HARD,2.0,AlphaTauri,1,10.0,91635.0
88,97540.0,GAS,35.0,3.0,HARD,3.0,AlphaTauri,1,9.0,91635.0
89,99827.0,GAS,36.0,3.0,HARD,4.0,AlphaTauri,1,10.0,91635.0
90,99596.0,GAS,37.0,3.0,HARD,5.0,AlphaTauri,1,8.0,91635.0
91,98221.0,GAS,38.0,3.0,HARD,6.0,AlphaTauri,1,8.0,91635.0
92,98552.0,GAS,39.0,3.0,HARD,7.0,AlphaTauri,1,8.0,91635.0
93,98204.0,GAS,40.0,3.0,HARD,8.0,AlphaTauri,1,8.0,91635.0
94,98301.0,GAS,41.0,3.0,HARD,9.0,AlphaTauri,1,8.0,91635.0
95,98329.0,GAS,42.0,3.0,HARD,10.0,AlphaTauri,1,8.0,91635.0
96,98478.0,GAS,43.0,3.0,HARD,11.0,AlphaTauri,1,8.0,91635.0
97,98704.0,GAS,44.0,3.0,HARD,12.0,AlphaTauri,1,8.0,91635.0
98,,GAS,45.0,3.0,HARD,13.0,AlphaTauri,,,91635.0
99,102993.0,PER,1.0,1.0,SOFT,4.0,Red Bull Racing,1,6.0,90921.0
100,99092.0,PER,2.0,1.0,SOFT,5.0,Red Bull Racing,1,6.0,90921.0
101,99473.0,PER,3.0,1.0,SOFT,6.0,Red Bull Racing,1,5.0,90921.0
102,98741.0,PER,4.0,1.0,SOFT,7.0,Red Bull Racing,1,5.0,90921.0
103,98861.0,PER,5.0,1.0,SOFT,8.0,Red Bull Racing,1,5.0,90921.0
104,99218.0,PER,6.0,1.0,SOFT,9.0,Red Bull Racing,1,5.0,90921.0
105,99264.0,PER,7.0,1.0,SOFT,10.0,Red Bull Racing,1,5.0,90921.0
106,99825.0,PER,8.0,1.0,SOFT,11.0,Red Bull Racing,1,5.0,90921.0
107,100215.0,PER,9.0,1.0,SOFT,12.0,Red Bull Racing,1,5.0,90921.0
108,99806.0,PER,10.0,1.0,SOFT,13.0,Red Bull Racing,1,4.0,90921.0
109,99931.0,PER,11.0,1.0,SOFT,14.0,Red Bull Racing,1,4.0,90921.0
110,99754.0,PER,12.0,1.0,SOFT,15.0,Red Bull Racing,1,4.0,90921.0
111,99992.0,PER,13.0,1.0,SOFT,16.0,Red Bull Racing,1,4.0,90921.0
112,100035.0,PER,14.0,1.0,SOFT,17.0,Red Bull Racing,2,3.0,90921.0
113,102445.0,PER,15.0,1.0,SOFT,18.0,Red Bull Racing,2,2.0,90921.0
114,118858.0,PER,16.0,2.0,MEDIUM,1.0,Red Bull Racing,1,4.0,90921.0
115,96634.0,PER,17.0,2.0,MEDIUM,2.0,Red Bull Racing,1,4.0,90921.0
116,96852.0,PER,18.0,2.0,MEDIUM,3.0,Red Bull Racing,1,4.0,90921.0
117,97214.0,PER,19.0,2.0,MEDIUM,4.0,Red Bull Racing,1,4.0,90921.0
118,97532.0,PER,20.0,2.0,MEDIUM,5.0,Red Bull Racing,1,4.0,90921.0
119,97629.0,PER,21.0,2.0,MEDIUM,6.0,Red Bull Racing,1,4.0,90921.0
120,97862.0,PER,22.0,2.0,MEDIUM,7.0,Red Bull Racing,1,4.0,90921.0
121,97960.0,PER,23.0,2.0,MEDIUM,8.0,Red Bull Racing,1,4.0,90921.0
122,98155.0,PER,24.0,2.0,MEDIUM,9.0,Red Bull Racing,1,4.0,90921.0
123,98419.0,PER,25.0,2.0,MEDIUM,10.0,Red Bull Racing,1,4.0,90921.0
124,98693.0,PER,26.0,2.0,MEDIUM,11.0,Red Bull Racing,1,4.0,90921.0
125,98563.0,PER,27.0,2.0,MEDIUM,12.0,Red Bull Racing,1,4.0,90921.0
126,98697.0,PER,28.0,2.0,MEDIUM,13.0,Red Bull Racing,1,4.0,90921.0
127,98990.0,PER,29.0,2.0,MEDIUM,14.0,Red Bull Racing,1,4.0,90921.0
128,98879.0,PER,30.0,2.0,MEDIUM,15.0,Red Bull Racing,1,4.0,90921.0
129,99292.0,PER,31.0,2.0,MEDIUM,16.0,Red Bull Racing,1,3.0,90921.0
130,99222.0,PER,32.0,2.0,MEDIUM,17.0,Red Bull Racing,1,2.0,90921.0
131,101868.0,PER,33.0,2.0,MEDIUM,18.0,Red Bull Racing,1,2.0,90921.0
132,117056.0,PER,34.0,3.0,SOFT,4.0,Red Bull Racing,1,4.0,90921.0
133,96302.0,PER,35.0,3.0,SOFT,5.0,Red Bull Racing,1,4.0,90921.0
134,96511.0,PER,36.0,3.0,SOFT,6.0,Red Bull Racing,1,4.0,90921.0
135,97119.0,PER,37.0,3.0,SOFT,7.0,Red Bull Racing,1,4.0,90921.0
136,96755.0,PER,38.0,3.0,SOFT,8.0,Red Bull Racing,1,4.0,90921.0
137,96987.0,PER,39.0,3.0,SOFT,9.0,Red Bull Racing,1,4.0,90921.0
138,97178.0,PER,40.0,3.0,SOFT,10.0,Red Bull Racing,1,4.0,90921.0
139,97639.0,PER,41.0,3.0,SOFT,11.0,Red Bull Racing,1,4.0,90921.0
140,97255.0,PER,42.0,3.0,SOFT,12.0,Red Bull Racing,1,4.0,90921.0
141,100228.0,PER,43.0,3.0,SOFT,13.0,Red Bull Racing,1,4.0,90921.0
142,116521.0,PER,44.0,4.0,SOFT,4.0,Red Bull Racing,1,5.0,90921.0
143,103562.0,PER,45.0,4.0,SOFT,5.0,Red Bull Racing,6,4.0,90921.0
144,128400.0,PER,46.0,4.0,SOFT,6.0,Red Bull Racing,64,4.0,90921.0
145,132050.0,PER,47.0,4.0,SOFT,7.0,Red Bull Racing,4,4.0,90921.0
146,136085.0,PER,48.0,4.0,SOFT,8.0,Red Bull Racing,4,4.0,90921.0
147,145098.0,PER,49.0,4.0,SOFT,9.0,Red Bull Racing,4,4.0,90921.0
148,141747.0,PER,50.0,4.0,SOFT,10.0,Red Bull Racing,4,4.0,90921.0
149,96389.0,PER,51.0,4.0,SOFT,11.0,Red Bull Racing,1,4.0,90921.0
150,96089.0,PER,52.0,4.0,SOFT,12.0,Red Bull Racing,1,4.0,90921.0
151,96113.0,PER,53.0,4.0,SOFT,13.0,Red Bull Racing,1,4.0,90921.0
152,96755.0,PER,54.0,4.0,SOFT,14.0,Red Bull Racing,1,3.0,90921.0
153,96436.0,PER,55.0,4.0,SOFT,15.0,Red Bull Racing,1,3.0,90921.0
154,96286.0,PER,56.0,4.0,SOFT,16.0,Red Bull Racing,1,3.0,90921.0
155,,PER,57.0,4.0,SOFT,17.0,Red Bull Racing,,,90921.0
156,105174.0,ALO,1.0,1.0,SOFT,4.0,Alpine,1,9.0,91621.0
157,100412.0,ALO,2.0,1.0,SOFT,5.0,Alpine,1,9.0,91621.0
158,100226.0,ALO,3.0,1.0,SOFT,6.0,Alpine,1,9.0,91621.0
159,100097.0,ALO,4.0,1.0,SOFT,7.0,Alpine,1,9.0,91621.0
160,100465.0,ALO,5.0,1.0,SOFT,8.0,Alpine,1,9.0,91621.0
161,100658.0,ALO,6.0,1.0,SOFT,9.0,Alpine,1,9.0,91621.0
162,100823.0,ALO,7.0,1.0,SOFT,10.0,Alpine,1,9.0,91621.0
163,102371.0,ALO,8.0,1.0,SOFT,11.0,Alpine,1,10.0,91621.0
164,101448.0,ALO,9.0,1.0,SOFT,12.0,Alpine,1,10.0,91621.0
165,101873.0,ALO,10.0,1.0,SOFT,13.0,Alpine,1,10.0,91621.0
166,104265.0,ALO,11.0,1.0,SOFT,14.0,Alpine,1,11.0,91621.0
167,120053.0,ALO,12.0,2.0,MEDIUM,1.0,Alpine,1,20.0,91621.0
168,99050.0,ALO,13.0,2.0,MEDIUM,2.0,Alpine,1,17.0,91621.0
169,99704.0,ALO,14.0,2.0,MEDIUM,3.0,Alpine,2,14.0,91621.0
170,100256.0,ALO,15.0,2.0,MEDIUM,4.0,Alpine,1,11.0,91621.0
171,100572.0,ALO,16.0,2.0,MEDIUM,5.0,Alpine,1,9.0,91621.0
172,99434.0,ALO,17.0,2.0,MEDIUM,6.0,Alpine,1,9.0,91621.0
173,99809.0,ALO,18.0,2.0,MEDIUM,7.0,Alpine,1,9.0,91621.0
174,99785.0,ALO,19.0,2.0,MEDIUM,8.0,Alpine,1,9.0,91621.0
175,99874.0,ALO,20.0,2.0,MEDIUM,9.0,Alpine,1,9.0,91621.0
176,100087.0,ALO,21.0,2.0,MEDIUM,10.0,Alpine,1,9.0,91621.0
177,100504.0,ALO,22.0,2.0,MEDIUM,11.0,Alpine,1,9.0,91621.0
178,99922.0,ALO,23.0,2.0,MEDIUM,12.0,Alpine,1,9.0,91621.0
179,100496.0,ALO,24.0,2.0,MEDIUM,13.0,Alpine,1,9.0,91621.0
180,102836.0,ALO,25.0,2.0,MEDIUM,14.0,Alpine,1,10.0,91621.0
181,120922.0,ALO,26.0,3.0,HARD,1.0,Alpine,1,14.0,91621.0
182,97995.0,ALO,27.0,3.0,HARD,2.0,Alpine,1,14.0,91621.0
183,98908.0,ALO,28.0,3.0,HARD,3.0,Alpine,1,14.0,91621.0
184,98680.0,ALO,29.0,3.0,HARD,4.0,Alpine,1,14.0,91621.0
185,98626.0,ALO,30.0,3.0,HARD,5.0,Alpine,1,12.0,91621.0
186,98958.0,ALO,31.0,3.0,HARD,6.0,Alpine,1,11.0,91621.0
187,99153.0,ALO,32.0,3.0,HARD,7.0,Alpine,1,11.0,91621.0
188,99686.0,ALO,33.0,3.0,HARD,8.0,Alpine,1,11.0,91621.0
189,99208.0,ALO,34.0,3.0,HARD,9.0,Alpine,1,11.0,91621.0
190,99214.0,ALO,35.0,3.0,HARD,10.0,Alpine,1,11.0,91621.0
191,99389.0,ALO,36.0,3.0,HARD,11.0,Alpine,1,11.0,91621.0
192,99426.0,ALO,37.0,3.0,HARD,12.0,Alpine,1,10.0,91621.0
193,100034.0,ALO,38.0,3.0,HARD,13.0,Alpine,1,10.0,91621.0
194,100009.0,ALO,39.0,3.0,HARD,14.0,Alpine,1,10.0,91621.0
195,100295.0,ALO,40.0,3.0,HARD,15.0,Alpine,1,11.0,91621.0
196,99854.0,ALO,41.0,3.0,HARD,16.0,Alpine,1,11.0,91621.0
197,102925.0,ALO,42.0,3.0,HARD,17.0,Alpine,1,12.0,91621.0
198,117366.0,ALO,43.0,4.0,SOFT,1.0,Alpine,1,14.0,91621.0
199,96733.0,ALO,44.0,4.0,SOFT,2.0,Alpine,1,14.0,91621.0
200,127867.0,ALO,45.0,4.0,SOFT,3.0,Alpine,64,13.0,91621.0
201,130714.0,ALO,46.0,4.0,SOFT,4.0,Alpine,4,12.0,91621.0
202,111463.0,ALO,47.0,4.0,SOFT,5.0,Alpine,4,12.0,91621.0
203,105574.0,ALO,48.0,4.0,SOFT,6.0,Alpine,4,12.0,91621.0
204,113977.0,ALO,49.0,4.0,SOFT,7.0,Alpine,4,12.0,91621.0
205,133261.0,ALO,50.0,4.0,SOFT,8.0,Alpine,4,12.0,91621.0
206,99006.0,ALO,51.0,4.0,SOFT,9.0,Alpine,1,11.0,91621.0
207,97538.0,ALO,52.0,4.0,SOFT,10.0,Alpine,1,11.0,91621.0
208,97396.0,ALO,53.0,4.0,SOFT,11.0,Alpine,1,11.0,91621.0
209,97303.0,ALO,54.0,4.0,SOFT,12.0,Alpine,1,10.0,91621.0
210,97672.0,ALO,55.0,4.0,SOFT,13.0,Alpine,1,10.0,91621.0
211,97642.0,ALO,56.0,4.0,SOFT,14.0,Alpine,1,10.0,91621.0
212,98986.0,ALO,57.0,4.0,SOFT,15.0,Alpine,1,9.0,91621.0
213,99070.0,LEC,1.0,1.0,SOFT,1.0,Ferrari,1,1.0,90558.0
214,97853.0,LEC,2.0,1.0,SOFT,2.0,Ferrari,1,1.0,90558.0
215,98272.0,LEC,3.0,1.0,SOFT,3.0,Ferrari,1,1.0,90558.0
216,98414.0,LEC,4.0,1.0,SOFT,4.0,Ferrari,1,1.0,90558.0
217,98471.0,LEC,5.0,1.0,SOFT,5.0,Ferrari,1,1.0,90558.0
218,98712.0,LEC,6.0,1.0,SOFT,6.0,Ferrari,1,1.0,90558.0
219,98835.0,LEC,7.0,1.0,SOFT,7.0,Ferrari,1,1.0,90558.0
220,98951.0,LEC,8.0,1.0,SOFT,8.0,Ferrari,1,1.0,90558.0
221,98807.0,LEC,9.0,1.0,SOFT,9.0,Ferrari,1,1.0,90558.0
222,99123.0,LEC,10.0,1.0,SOFT,10.0,Ferrari,1,1.0,90558.0
223,99306.0,LEC,11.0,1.0,SOFT,11.0,Ferrari,1,1.0,90558.0
224,99256.0,LEC,12.0,1.0,SOFT,12.0,Ferrari,1,1.0,90558.0
225,99279.0,LEC,13.0,1.0,SOFT,13.0,Ferrari,1,1.0,90558.0
226,99629.0,LEC,14.0,1.0,SOFT,14.0,Ferrari,1,1.0,90558.0
227,102041.0,LEC,15.0,1.0,SOFT,15.0,Ferrari,2,1.0,90558.0
228,117660.0,LEC,16.0,2.0,SOFT,4.0,Ferrari,1,1.0,90558.0
229,97520.0,LEC,17.0,2.0,SOFT,5.0,Ferrari,1,1.0,90558.0
230,97634.0,LEC,18.0,2.0,SOFT,6.0,Ferrari,1,1.0,90558.0
231,97408.0,LEC,19.0,2.0,SOFT,7.0,Ferrari,1,1.0,90558.0
232,97562.0,LEC,20.0,2.0,SOFT,8.0,Ferrari,1,1.0,90558.0
233,97807.0,LEC,21.0,2.0,SOFT,9.0,Ferrari,1,1.0,90558.0
234,97752.0,LEC,22.0,2.0,SOFT,10.0,Ferrari,1,1.0,90558.0
235,97774.0,LEC,23.0,2.0,SOFT,11.0,Ferrari,1,1.0,90558.0
236,97913.0,LEC,24.0,2.0,SOFT,12.0,Ferrari,1,1.0,90558.0
237,98061.0,LEC,25.0,2.0,SOFT,13.0,Ferrari,1,1.0,90558.0
238,98371.0,LEC,26.0,2.0,SOFT,14.0,Ferrari,1,1.0,90558.0
239,98785.0,LEC,27.0,2.0,SOFT,15.0,Ferrari,1,1.0,90558.0
240,99051.0,LEC,28.0,2.0,SOFT,16.0,Ferrari,1,1.0,90558.0
241,98887.0,LEC,29.0,2.0,SOFT,17.0,Ferrari,1,1.0,90558.0
242,99354.0,LEC,30.0,2.0,SOFT,18.0,Ferrari,1,1.0,90558.0
243,101545.0,LEC,31.0,2.0,SOFT,19.0,Ferrari,1,1.0,90558.0
244,116325.0,LEC,32.0,3.0,MEDIUM,1.0,Ferrari,1,3.0,90558.0
245,96674.0,LEC,33.0,3.0,MEDIUM,2.0,Ferrari,1,3.0,90558.0
246,96399.0,LEC,34.0,3.0,MEDIUM,3.0,Ferrari,1,1.0,90558.0
247,96501.0,LEC,35.0,3.0,MEDIUM,4.0,Ferrari,1,1.0,90558.0
248,96561.0,LEC,36.0,3.0,MEDIUM,5.0,Ferrari,1,1.0,90558.0
249,96663.0,LEC,37.0,3.0,MEDIUM,6.0,Ferrari,1,1.0,90558.0
250,96623.0,LEC,38.0,3.0,MEDIUM,7.0,Ferrari,1,1.0,90558.0
251,96939.0,LEC,39.0,3.0,MEDIUM,8.0,Ferrari,1,1.0,90558.0
252,96807.0,LEC,40.0,3.0,MEDIUM,9.0,Ferrari,1,1.0,90558.0
253,97044.0,LEC,41.0,3.0,MEDIUM,10.0,Ferrari,1,1.0,90558.0
254,97040.0,LEC,42.0,3.0,MEDIUM,11.0,Ferrari,1,1.0,90558.0
255,97346.0,LEC,43.0,3.0,MEDIUM,12.0,Ferrari,1,1.0,90558.0
256,97509.0,LEC,44.0,3.0,MEDIUM,13.0,Ferrari,1,1.0,90558.0
257,97413.0,LEC,45.0,3.0,MEDIUM,14.0,Ferrari,1,1.0,90558.0
258,125151.0,LEC,46.0,3.0,MEDIUM,15.0,Ferrari,64,1.0,90558.0
259,,LEC,47.0,4.0,SOFT,4.0,Ferrari,4,1.0,90558.0
260,,LEC,48.0,4.0,SOFT,5.0,Ferrari,4,1.0,90558.0
261,146221.0,LEC,49.0,4.0,SOFT,6.0,Ferrari,4,1.0,90558.0
262,144429.0,LEC,50.0,4.0,SOFT,7.0,Ferrari,4,1.0,90558.0
263,94570.0,LEC,51.0,4.0,SOFT,8.0,Ferrari,1,1.0,90558.0
264,95027.0,LEC,52.0,4.0,SOFT,9.0,Ferrari,1,1.0,90558.0
265,95127.0,LEC,53.0,4.0,SOFT,10.0,Ferrari,1,1.0,90558.0
266,95429.0,LEC,54.0,4.0,SOFT,11.0,Ferrari,1,1.0,90558.0
267,95427.0,LEC,55.0,4.0,SOFT,12.0,Ferrari,1,1.0,90558.0
268,95673.0,LEC,56.0,4.0,SOFT,13.0,Ferrari,1,1.0,90558.0
269,96373.0,LEC,57.0,4.0,SOFT,14.0,Ferrari,1,1.0,90558.0
270,110439.0,STR,1.0,1.0,SOFT,1.0,Aston Martin,1,17.0,93032.0
271,101019.0,STR,2.0,1.0,SOFT,2.0,Aston Martin,1,16.0,93032.0
272,100887.0,STR,3.0,1.0,SOFT,3.0,Aston Martin,1,16.0,93032.0
273,101931.0,STR,4.0,1.0,SOFT,4.0,Aston Martin,1,17.0,93032.0
274,101715.0,STR,5.0,1.0,SOFT,5.0,Aston Martin,1,17.0,93032.0
275,101897.0,STR,6.0,1.0,SOFT,6.0,Aston Martin,1,17.0,93032.0
276,101827.0,STR,7.0,1.0,SOFT,7.0,Aston Martin,1,17.0,93032.0
277,102174.0,STR,8.0,1.0,SOFT,8.0,Aston Martin,1,17.0,93032.0
278,101557.0,STR,9.0,1.0,SOFT,9.0,Aston Martin,1,16.0,93032.0
279,102350.0,STR,10.0,1.0,SOFT,10.0,Aston Martin,1,15.0,93032.0
280,102343.0,STR,11.0,1.0,SOFT,11.0,Aston Martin,1,15.0,93032.0
281,102462.0,STR,12.0,1.0,SOFT,12.0,Aston Martin,1,14.0,93032.0
282,102235.0,STR,13.0,1.0,SOFT,13.0,Aston Martin,1,13.0,93032.0
283,101803.0,STR,14.0,1.0,SOFT,14.0,Aston Martin,2,13.0,93032.0
284,101875.0,STR,15.0,1.0,SOFT,15.0,Aston Martin,1,10.0,93032.0
285,102592.0,STR,16.0,1.0,SOFT,16.0,Aston Martin,1,10.0,93032.0
286,101858.0,STR,17.0,1.0,SOFT,17.0,Aston Martin,1,10.0,93032.0
287,104384.0,STR,18.0,1.0,SOFT,18.0,Aston Martin,1,12.0,93032.0
288,120651.0,STR,19.0,2.0,SOFT,1.0,Aston Martin,1,19.0,93032.0
289,98940.0,STR,20.0,2.0,SOFT,2.0,Aston Martin,1,18.0,93032.0
290,98713.0,STR,21.0,2.0,SOFT,3.0,Aston Martin,1,17.0,93032.0
291,99655.0,STR,22.0,2.0,SOFT,4.0,Aston Martin,1,17.0,93032.0
292,99811.0,STR,23.0,2.0,SOFT,5.0,Aston Martin,1,17.0,93032.0
293,99887.0,STR,24.0,2.0,SOFT,6.0,Aston Martin,1,16.0,93032.0
294,99774.0,STR,25.0,2.0,SOFT,7.0,Aston Martin,1,16.0,93032.0
295,100445.0,STR,26.0,2.0,SOFT,8.0,Aston Martin,1,16.0,93032.0
296,100371.0,STR,27.0,2.0,SOFT,9.0,Aston Martin,1,15.0,93032.0
297,100181.0,STR,28.0,2.0,SOFT,10.0,Aston Martin,1,15.0,93032.0
298,100054.0,STR,29.0,2.0,SOFT,11.0,Aston Martin,1,15.0,93032.0
299,100850.0,STR,30.0,2.0,SOFT,12.0,Aston Martin,1,15.0,93032.0
300,100855.0,STR,31.0,2.0,SOFT,13.0,Aston Martin,1,15.0,93032.0
301,100037.0,STR,32.0,2.0,SOFT,14.0,Aston Martin,1,15.0,93032.0
302,100347.0,STR,33.0,2.0,SOFT,15.0,Aston Martin,1,15.0,93032.0
303,100363.0,STR,34.0,2.0,SOFT,16.0,Aston Martin,1,15.0,93032.0
304,100452.0,STR,35.0,2.0,SOFT,17.0,Aston Martin,1,15.0,93032.0
305,100484.0,STR,36.0,2.0,SOFT,18.0,Aston Martin,1,14.0,93032.0
306,100487.0,STR,37.0,2.0,SOFT,19.0,Aston Martin,1,14.0,93032.0
307,103895.0,STR,38.0,2.0,SOFT,20.0,Aston Martin,1,14.0,93032.0
308,121514.0,STR,39.0,3.0,MEDIUM,1.0,Aston Martin,1,16.0,93032.0
309,97861.0,STR,40.0,3.0,MEDIUM,2.0,Aston Martin,1,16.0,93032.0
310,98363.0,STR,41.0,3.0,MEDIUM,3.0,Aston Martin,1,15.0,93032.0
311,98127.0,STR,42.0,3.0,MEDIUM,4.0,Aston Martin,1,15.0,93032.0
312,99462.0,STR,43.0,3.0,MEDIUM,5.0,Aston Martin,1,15.0,93032.0
313,98281.0,STR,44.0,3.0,MEDIUM,6.0,Aston Martin,6,15.0,93032.0
314,133896.0,STR,45.0,3.0,MEDIUM,7.0,Aston Martin,64,14.0,93032.0
315,149264.0,STR,46.0,4.0,SOFT,1.0,Aston Martin,4,15.0,93032.0
316,133815.0,STR,47.0,4.0,SOFT,2.0,Aston Martin,4,14.0,93032.0
317,113799.0,STR,48.0,4.0,SOFT,3.0,Aston Martin,4,14.0,93032.0
318,97146.0,STR,49.0,4.0,SOFT,4.0,Aston Martin,4,14.0,93032.0
319,97326.0,STR,50.0,4.0,SOFT,5.0,Aston Martin,4,14.0,93032.0
320,97274.0,STR,51.0,4.0,SOFT,6.0,Aston Martin,1,14.0,93032.0
321,97622.0,STR,52.0,4.0,SOFT,7.0,Aston Martin,1,14.0,93032.0
322,98678.0,STR,53.0,4.0,SOFT,8.0,Aston Martin,1,14.0,93032.0
323,97877.0,STR,54.0,4.0,SOFT,9.0,Aston Martin,1,14.0,93032.0
324,98328.0,STR,55.0,4.0,SOFT,10.0,Aston Martin,1,13.0,93032.0
325,98829.0,STR,56.0,4.0,SOFT,11.0,Aston Martin,1,13.0,93032.0
326,100395.0,STR,57.0,4.0,SOFT,12.0,Aston Martin,2,12.0,93032.0
327,102333.0,MAG,1.0,1.0,SOFT,1.0,Haas F1 Team,1,5.0,91461.0
328,98993.0,MAG,2.0,1.0,SOFT,2.0,Haas F1 Team,1,5.0,91461.0
329,101224.0,MAG,3.0,1.0,SOFT,3.0,Haas F1 Team,1,6.0,91461.0
330,99642.0,MAG,4.0,1.0,SOFT,4.0,Haas F1 Team,1,6.0,91461.0
331,101169.0,MAG,5.0,1.0,SOFT,5.0,Haas F1 Team,1,7.0,91461.0
332,100338.0,MAG,6.0,1.0,SOFT,6.0,Haas F1 Team,1,7.0,91461.0
333,100555.0,MAG,7.0,1.0,SOFT,7.0,Haas F1 Team,1,7.0,91461.0
334,100451.0,MAG,8.0,1.0,SOFT,8.0,Haas F1 Team,1,7.0,91461.0
335,100756.0,MAG,9.0,1.0,SOFT,9.0,Haas F1 Team,1,7.0,91461.0
336,101195.0,MAG,10.0,1.0,SOFT,10.0,Haas F1 Team,1,7.0,91461.0
337,101064.0,MAG,11.0,1.0,SOFT,11.0,Haas F1 Team,1,7.0,91461.0
338,101370.0,MAG,12.0,1.0,SOFT,12.0,Haas F1 Team,1,6.0,91461.0
339,101283.0,MAG,13.0,1.0,SOFT,13.0,Haas F1 Team,1,6.0,91461.0
340,104244.0,MAG,14.0,1.0,SOFT,14.0,Haas F1 Team,2,6.0,91461.0
341,119764.0,MAG,15.0,2.0,SOFT,4.0,Haas F1 Team,1,9.0,91461.0
342,97968.0,MAG,16.0,2.0,SOFT,5.0,Haas F1 Team,1,7.0,91461.0
343,98216.0,MAG,17.0,2.0,SOFT,6.0,Haas F1 Team,1,7.0,91461.0
344,98442.0,MAG,18.0,2.0,SOFT,7.0,Haas F1 Team,1,7.0,91461.0
345,98539.0,MAG,19.0,2.0,SOFT,8.0,Haas F1 Team,1,7.0,91461.0
346,98883.0,MAG,20.0,2.0,SOFT,9.0,Haas F1 Team,1,7.0,91461.0
347,98859.0,MAG,21.0,2.0,SOFT,10.0,Haas F1 Team,1,7.0,91461.0
348,99058.0,MAG,22.0,2.0,SOFT,11.0,Haas F1 Team,1,7.0,91461.0
349,99120.0,MAG,23.0,2.0,SOFT,12.0,Haas F1 Team,1,7.0,91461.0
350,99384.0,MAG,24.0,2.0,SOFT,13.0,Haas F1 Team,1,7.0,91461.0
351,99520.0,MAG,25.0,2.0,SOFT,14.0,Haas F1 Team,1,7.0,91461.0
352,99756.0,MAG,26.0,2.0,SOFT,15.0,Haas F1 Team,1,7.0,91461.0
353,99796.0,MAG,27.0,2.0,SOFT,16.0,Haas F1 Team,1,7.0,91461.0
354,99774.0,MAG,28.0,2.0,SOFT,17.0,Haas F1 Team,1,6.0,91461.0
355,99984.0,MAG,29.0,2.0,SOFT,18.0,Haas F1 Team,1,6.0,91461.0
356,100174.0,MAG,30.0,2.0,SOFT,19.0,Haas F1 Team,1,6.0,91461.0
357,100233.0,MAG,31.0,2.0,SOFT,20.0,Haas F1 Team,1,6.0,91461.0
358,100522.0,MAG,32.0,2.0,SOFT,21.0,Haas F1 Team,1,6.0,91461.0
359,100523.0,MAG,33.0,2.0,SOFT,22.0,Haas F1 Team,1,7.0,91461.0
360,103256.0,MAG,34.0,2.0,SOFT,23.0,Haas F1 Team,1,6.0,91461.0
361,120375.0,MAG,35.0,3.0,MEDIUM,1.0,Haas F1 Team,1,10.0,91461.0
362,97941.0,MAG,36.0,3.0,MEDIUM,2.0,Haas F1 Team,1,9.0,91461.0
363,96903.0,MAG,37.0,3.0,MEDIUM,3.0,Haas F1 Team,1,7.0,91461.0
364,97636.0,MAG,38.0,3.0,MEDIUM,4.0,Haas F1 Team,1,7.0,91461.0
365,97566.0,MAG,39.0,3.0,MEDIUM,5.0,Haas F1 Team,1,7.0,91461.0
366,97901.0,MAG,40.0,3.0,MEDIUM,6.0,Haas F1 Team,1,7.0,91461.0
367,97726.0,MAG,41.0,3.0,MEDIUM,7.0,Haas F1 Team,1,7.0,91461.0
368,98006.0,MAG,42.0,3.0,MEDIUM,8.0,Haas F1 Team,1,7.0,91461.0
369,98178.0,MAG,43.0,3.0,MEDIUM,9.0,Haas F1 Team,1,7.0,91461.0
370,98688.0,MAG,44.0,3.0,MEDIUM,10.0,Haas F1 Team,1,7.0,91461.0
371,123463.0,MAG,45.0,3.0,MEDIUM,11.0,Haas F1 Team,64,7.0,91461.0
372,126178.0,MAG,46.0,3.0,MEDIUM,12.0,Haas F1 Team,4,7.0,91461.0
373,127721.0,MAG,47.0,4.0,SOFT,4.0,Haas F1 Team,4,7.0,91461.0
374,110334.0,MAG,48.0,4.0,SOFT,5.0,Haas F1 Team,4,7.0,91461.0
375,136149.0,MAG,49.0,4.0,SOFT,6.0,Haas F1 Team,4,7.0,91461.0
376,137630.0,MAG,50.0,4.0,SOFT,7.0,Haas F1 Team,4,7.0,91461.0
377,97343.0,MAG,51.0,4.0,SOFT,8.0,Haas F1 Team,1,7.0,91461.0
378,96860.0,MAG,52.0,4.0,SOFT,9.0,Haas F1 Team,1,7.0,91461.0
379,96623.0,MAG,53.0,4.0,SOFT,10.0,Haas F1 Team,1,7.0,91461.0
380,96960.0,MAG,54.0,4.0,SOFT,11.0,Haas F1 Team,1,6.0,91461.0
381,96937.0,MAG,55.0,4.0,SOFT,12.0,Haas F1 Team,1,6.0,91461.0
382,97091.0,MAG,56.0,4.0,SOFT,13.0,Haas F1 Team,1,6.0,91461.0
383,97741.0,MAG,57.0,4.0,SOFT,14.0,Haas F1 Team,1,5.0,91461.0
384,108128.0,TSU,1.0,1.0,SOFT,1.0,AlphaTauri,1,12.0,92750.0
385,100697.0,TSU,2.0,1.0,SOFT,2.0,AlphaTauri,1,12.0,92750.0
386,100618.0,TSU,3.0,1.0,SOFT,3.0,AlphaTauri,1,12.0,92750.0
387,100958.0,TSU,4.0,1.0,SOFT,4.0,AlphaTauri,1,12.0,92750.0
388,100363.0,TSU,5.0,1.0,SOFT,5.0,AlphaTauri,1,11.0,92750.0
389,100611.0,TSU,6.0,1.0,SOFT,6.0,AlphaTauri,1,11.0,92750.0
390,100754.0,TSU,7.0,1.0,SOFT,7.0,AlphaTauri,1,11.0,92750.0
391,101351.0,TSU,8.0,1.0,SOFT,8.0,AlphaTauri,1,11.0,92750.0
392,100900.0,TSU,9.0,1.0,SOFT,9.0,AlphaTauri,1,11.0,92750.0
393,101182.0,TSU,10.0,1.0,SOFT,10.0,AlphaTauri,1,11.0,92750.0
394,101313.0,TSU,11.0,1.0,SOFT,11.0,AlphaTauri,1,10.0,92750.0
395,101096.0,TSU,12.0,1.0,SOFT,12.0,AlphaTauri,1,9.0,92750.0
396,101337.0,TSU,13.0,1.0,SOFT,13.0,AlphaTauri,1,9.0,92750.0
397,101352.0,TSU,14.0,1.0,SOFT,14.0,AlphaTauri,2,9.0,92750.0
398,103687.0,TSU,15.0,1.0,SOFT,15.0,AlphaTauri,1,7.0,92750.0
399,121989.0,TSU,16.0,2.0,MEDIUM,1.0,AlphaTauri,1,14.0,92750.0
400,99939.0,TSU,17.0,2.0,MEDIUM,2.0,AlphaTauri,1,12.0,92750.0
401,98760.0,TSU,18.0,2.0,MEDIUM,3.0,AlphaTauri,1,11.0,92750.0
402,99011.0,TSU,19.0,2.0,MEDIUM,4.0,AlphaTauri,1,11.0,92750.0
403,99069.0,TSU,20.0,2.0,MEDIUM,5.0,AlphaTauri,1,11.0,92750.0
404,99294.0,TSU,21.0,2.0,MEDIUM,6.0,AlphaTauri,1,11.0,92750.0
405,99574.0,TSU,22.0,2.0,MEDIUM,7.0,AlphaTauri,1,11.0,92750.0
406,99569.0,TSU,23.0,2.0,MEDIUM,8.0,AlphaTauri,1,11.0,92750.0
407,99576.0,TSU,24.0,2.0,MEDIUM,9.0,AlphaTauri,1,11.0,92750.0
408,100376.0,TSU,25.0,2.0,MEDIUM,10.0,AlphaTauri,1,11.0,92750.0
409,99871.0,TSU,26.0,2.0,MEDIUM,11.0,AlphaTauri,1,10.0,92750.0
410,100325.0,TSU,27.0,2.0,MEDIUM,12.0,AlphaTauri,1,10.0,92750.0
411,99952.0,TSU,28.0,2.0,MEDIUM,13.0,AlphaTauri,1,10.0,92750.0
412,102805.0,TSU,29.0,2.0,MEDIUM,14.0,AlphaTauri,1,11.0,92750.0
413,119210.0,TSU,30.0,3.0,SOFT,1.0,AlphaTauri,1,14.0,92750.0
414,98722.0,TSU,31.0,3.0,SOFT,2.0,AlphaTauri,1,14.0,92750.0
415,97885.0,TSU,32.0,3.0,SOFT,3.0,AlphaTauri,1,14.0,92750.0
416,98980.0,TSU,33.0,3.0,SOFT,4.0,AlphaTauri,1,13.0,92750.0
417,98484.0,TSU,34.0,3.0,SOFT,5.0,AlphaTauri,1,13.0,92750.0
418,98523.0,TSU,35.0,3.0,SOFT,6.0,AlphaTauri,1,13.0,92750.0
419,98647.0,TSU,36.0,3.0,SOFT,7.0,AlphaTauri,1,13.0,92750.0
420,98289.0,TSU,37.0,3.0,SOFT,8.0,AlphaTauri,1,12.0,92750.0
421,98713.0,TSU,38.0,3.0,SOFT,9.0,AlphaTauri,1,11.0,92750.0
422,98912.0,TSU,39.0,3.0,SOFT,10.0,AlphaTauri,1,11.0,92750.0
423,98377.0,TSU,40.0,3.0,SOFT,11.0,AlphaTauri,1,10.0,92750.0
424,98693.0,TSU,41.0,3.0,SOFT,12.0,AlphaTauri,1,10.0,92750.0
425,98772.0,TSU,42.0,3.0,SOFT,13.0,AlphaTauri,1,10.0,92750.0
426,98930.0,TSU,43.0,3.0,SOFT,14.0,AlphaTauri,1,10.0,92750.0
427,101039.0,TSU,44.0,3.0,SOFT,15.0,AlphaTauri,1,10.0,92750.0
428,147999.0,TSU,45.0,4.0,SOFT,4.0,AlphaTauri,64,12.0,92750.0
429,130216.00000000001,TSU,46.0,4.0,SOFT,5.0,AlphaTauri,4,11.0,92750.0
430,109994.0,TSU,47.0,4.0,SOFT,6.0,AlphaTauri,4,11.0,92750.0
431,106670.0,TSU,48.0,4.0,SOFT,7.0,AlphaTauri,4,11.0,92750.0
432,114405.0,TSU,49.0,4.0,SOFT,8.0,AlphaTauri,4,11.0,92750.0
433,134320.0,TSU,50.0,4.0,SOFT,9.0,AlphaTauri,4,11.0,92750.0
434,98166.0,TSU,51.0,4.0,SOFT,10.0,AlphaTauri,1,10.0,92750.0
435,97475.0,TSU,52.0,4.0,SOFT,11.0,AlphaTauri,1,10.0,92750.0
436,97104.0,TSU,53.0,4.0,SOFT,12.0,AlphaTauri,1,10.0,92750.0
437,97268.0,TSU,54.0,4.0,SOFT,13.0,AlphaTauri,1,9.0,92750.0
438,97264.0,TSU,55.0,4.0,SOFT,14.0,AlphaTauri,1,9.0,92750.0
439,97565.0,TSU,56.0,4.0,SOFT,15.0,AlphaTauri,1,9.0,92750.0
440,98891.0,TSU,57.0,4.0,SOFT,16.0,AlphaTauri,1,8.0,92750.0
441,107636.0,ALB,1.0,1.0,SOFT,1.0,Williams,1,11.0,92664.0
442,100548.0,ALB,2.0,1.0,SOFT,2.0,Williams,1,11.0,92664.0
443,100664.0,ALB,3.0,1.0,SOFT,3.0,Williams,1,11.0,92664.0
444,101126.0,ALB,4.0,1.0,SOFT,4.0,Williams,1,11.0,92664.0
445,102303.0,ALB,5.0,1.0,SOFT,5.0,Williams,1,12.0,92664.0
446,101708.0,ALB,6.0,1.0,SOFT,6.0,Williams,1,12.0,92664.0
447,101561.0,ALB,7.0,1.0,SOFT,7.0,Williams,1,12.0,92664.0
448,103097.0,ALB,8.0,1.0,SOFT,8.0,Williams,1,13.0,92664.0
449,102149.0,ALB,9.0,1.0,SOFT,9.0,Williams,1,13.0,92664.0
450,103500.0,ALB,10.0,1.0,SOFT,10.0,Williams,1,14.0,92664.0
451,102588.0,ALB,11.0,1.0,SOFT,11.0,Williams,1,14.0,92664.0
452,102505.0,ALB,12.0,1.0,SOFT,12.0,Williams,1,13.0,92664.0
453,104752.0,ALB,13.0,1.0,SOFT,13.0,Williams,1,14.0,92664.0
454,121075.0,ALB,14.0,2.0,MEDIUM,1.0,Williams,2,20.0,92664.0
455,99517.0,ALB,15.0,2.0,MEDIUM,2.0,Williams,1,19.0,92664.0
456,100164.0,ALB,16.0,2.0,MEDIUM,3.0,Williams,1,19.0,92664.0
457,100265.0,ALB,17.0,2.0,MEDIUM,4.0,Williams,1,19.0,92664.0
458,100225.0,ALB,18.0,2.0,MEDIUM,5.0,Williams,1,18.0,92664.0
459,100800.0,ALB,19.0,2.0,MEDIUM,6.0,Williams,1,16.0,92664.0
460,100239.0,ALB,20.0,2.0,MEDIUM,7.0,Williams,1,16.0,92664.0
461,101181.0,ALB,21.0,2.0,MEDIUM,8.0,Williams,1,16.0,92664.0
462,100816.0,ALB,22.0,2.0,MEDIUM,9.0,Williams,1,15.0,92664.0
463,100736.0,ALB,23.0,2.0,MEDIUM,10.0,Williams,1,15.0,92664.0
464,100669.0,ALB,24.0,2.0,MEDIUM,11.0,Williams,1,15.0,92664.0
465,101032.0,ALB,25.0,2.0,MEDIUM,12.0,Williams,1,15.0,92664.0
466,101628.0,ALB,26.0,2.0,MEDIUM,13.0,Williams,1,15.0,92664.0
467,102053.0,ALB,27.0,2.0,MEDIUM,14.0,Williams,1,16.0,92664.0
468,101355.0,ALB,28.0,2.0,MEDIUM,15.0,Williams,1,16.0,92664.0
469,101505.0,ALB,29.0,2.0,MEDIUM,16.0,Williams,1,16.0,92664.0
470,101020.0,ALB,30.0,2.0,MEDIUM,17.0,Williams,1,16.0,92664.0
471,101230.0,ALB,31.0,2.0,MEDIUM,18.0,Williams,1,16.0,92664.0
472,101241.0,ALB,32.0,2.0,MEDIUM,19.0,Williams,1,16.0,92664.0
473,100863.0,ALB,33.0,2.0,MEDIUM,20.0,Williams,1,16.0,92664.0
474,101203.0,ALB,34.0,2.0,MEDIUM,21.0,Williams,1,16.0,92664.0
475,103965.0,ALB,35.0,2.0,MEDIUM,22.0,Williams,1,16.0,92664.0
476,123311.0,ALB,36.0,3.0,MEDIUM,3.0,Williams,1,18.0,92664.0
477,99165.0,ALB,37.0,3.0,MEDIUM,4.0,Williams,1,18.0,92664.0
478,99127.0,ALB,38.0,3.0,MEDIUM,5.0,Williams,1,17.0,92664.0
479,99025.0,ALB,39.0,3.0,MEDIUM,6.0,Williams,1,17.0,92664.0
480,99140.0,ALB,40.0,3.0,MEDIUM,7.0,Williams,1,17.0,92664.0
481,99285.0,ALB,41.0,3.0,MEDIUM,8.0,Williams,1,17.0,92664.0
482,99255.0,ALB,42.0,3.0,MEDIUM,9.0,Williams,1,16.0,92664.0
483,99325.0,ALB,43.0,3.0,MEDIUM,10.0,Williams,1,16.0,92664.0
484,106225.0,ALB,44.0,3.0,MEDIUM,11.0,Williams,6,16.0,92664.0
485,128156.0,ALB,45.0,3.0,MEDIUM,12.0,Williams,64,15.0,92664.0
486,132997.0,ALB,46.0,3.0,MEDIUM,13.0,Williams,4,14.0,92664.0
487,141354.0,ALB,47.0,4.0,SOFT,4.0,Williams,4,15.0,92664.0
488,116756.0,ALB,48.0,4.0,SOFT,5.0,Williams,4,15.0,92664.0
489,100113.0,ALB,49.0,4.0,SOFT,6.0,Williams,4,15.0,92664.0
490,97355.0,ALB,50.0,4.0,SOFT,7.0,Williams,4,15.0,92664.0
491,97702.0,ALB,51.0,4.0,SOFT,8.0,Williams,1,15.0,92664.0
492,97717.0,ALB,52.0,4.0,SOFT,9.0,Williams,1,15.0,92664.0
493,98073.0,ALB,53.0,4.0,SOFT,10.0,Williams,1,15.0,92664.0
494,98356.0,ALB,54.0,4.0,SOFT,11.0,Williams,1,15.0,92664.0
495,98826.0,ALB,55.0,4.0,SOFT,12.0,Williams,1,14.0,92664.0
496,99202.0,ALB,56.0,4.0,SOFT,13.0,Williams,1,14.0,92664.0
497,100132.0,ALB,57.0,4.0,SOFT,14.0,Williams,2,13.0,92664.0
498,111374.0,ZHO,1.0,1.0,SOFT,1.0,Alfa Romeo,1,19.0,92493.0
499,101229.0,ZHO,2.0,1.0,SOFT,2.0,Alfa Romeo,1,18.0,92493.0
500,100183.0,ZHO,3.0,1.0,SOFT,3.0,Alfa Romeo,1,17.0,92493.0
501,100393.0,ZHO,4.0,1.0,SOFT,4.0,Alfa Romeo,1,16.0,92493.0
502,101574.0,ZHO,5.0,1.0,SOFT,5.0,Alfa Romeo,1,15.0,92493.0
503,101461.0,ZHO,6.0,1.0,SOFT,6.0,Alfa Romeo,1,15.0,92493.0
504,100620.0,ZHO,7.0,1.0,SOFT,7.0,Alfa Romeo,1,14.0,92493.0
505,102110.0,ZHO,8.0,1.0,SOFT,8.0,Alfa Romeo,1,14.0,92493.0
506,102258.0,ZHO,9.0,1.0,SOFT,9.0,Alfa Romeo,1,14.0,92493.0
507,101339.0,ZHO,10.0,1.0,SOFT,10.0,Alfa Romeo,1,13.0,92493.0
508,101057.0,ZHO,11.0,1.0,SOFT,11.0,Alfa Romeo,1,13.0,92493.0
509,101281.0,ZHO,12.0,1.0,SOFT,12.0,Alfa Romeo,1,11.0,92493.0
510,101400.0,ZHO,13.0,1.0,SOFT,13.0,Alfa Romeo,1,12.0,92493.0
511,101185.0,ZHO,14.0,1.0,SOFT,14.0,Alfa Romeo,2,12.0,92493.0
512,103106.0,ZHO,15.0,1.0,SOFT,15.0,Alfa Romeo,1,8.0,92493.0
513,121722.0,ZHO,16.0,2.0,MEDIUM,1.0,Alfa Romeo,1,18.0,92493.0
514,98348.0,ZHO,17.0,2.0,MEDIUM,2.0,Alfa Romeo,1,16.0,92493.0
515,99814.0,ZHO,18.0,2.0,MEDIUM,3.0,Alfa Romeo,1,15.0,92493.0
516,98630.0,ZHO,19.0,2.0,MEDIUM,4.0,Alfa Romeo,1,13.0,92493.0
517,98954.0,ZHO,20.0,2.0,MEDIUM,5.0,Alfa Romeo,1,13.0,92493.0
518,99047.0,ZHO,21.0,2.0,MEDIUM,6.0,Alfa Romeo,1,13.0,92493.0
519,99351.0,ZHO,22.0,2.0,MEDIUM,7.0,Alfa Romeo,1,13.0,92493.0
520,99304.0,ZHO,23.0,2.0,MEDIUM,8.0,Alfa Romeo,1,13.0,92493.0
521,99582.0,ZHO,24.0,2.0,MEDIUM,9.0,Alfa Romeo,1,13.0,92493.0
522,99849.0,ZHO,25.0,2.0,MEDIUM,10.0,Alfa Romeo,1,13.0,92493.0
523,99742.0,ZHO,26.0,2.0,MEDIUM,11.0,Alfa Romeo,1,12.0,92493.0
524,100070.0,ZHO,27.0,2.0,MEDIUM,12.0,Alfa Romeo,1,12.0,92493.0
525,100004.0,ZHO,28.0,2.0,MEDIUM,13.0,Alfa Romeo,1,12.0,92493.0
526,100446.0,ZHO,29.0,2.0,MEDIUM,14.0,Alfa Romeo,1,12.0,92493.0
527,99836.0,ZHO,30.0,2.0,MEDIUM,15.0,Alfa Romeo,1,11.0,92493.0
528,99748.0,ZHO,31.0,2.0,MEDIUM,16.0,Alfa Romeo,1,10.0,92493.0
529,99814.0,ZHO,32.0,2.0,MEDIUM,17.0,Alfa Romeo,1,10.0,92493.0
530,99842.0,ZHO,33.0,2.0,MEDIUM,18.0,Alfa Romeo,1,9.0,92493.0
531,99851.0,ZHO,34.0,2.0,MEDIUM,19.0,Alfa Romeo,1,9.0,92493.0
532,99954.0,ZHO,35.0,2.0,MEDIUM,20.0,Alfa Romeo,1,8.0,92493.0
533,100185.0,ZHO,36.0,2.0,MEDIUM,21.0,Alfa Romeo,1,8.0,92493.0
534,102700.0,ZHO,37.0,2.0,MEDIUM,22.0,Alfa Romeo,1,9.0,92493.0
535,120031.0,ZHO,38.0,3.0,MEDIUM,1.0,Alfa Romeo,1,13.0,92493.0
536,96685.0,ZHO,39.0,3.0,MEDIUM,2.0,Alfa Romeo,1,13.0,92493.0
537,96742.0,ZHO,40.0,3.0,MEDIUM,3.0,Alfa Romeo,1,13.0,92493.0
538,96745.0,ZHO,41.0,3.0,MEDIUM,4.0,Alfa Romeo,1,13.0,92493.0
539,97522.0,ZHO,42.0,3.0,MEDIUM,5.0,Alfa Romeo,1,13.0,92493.0
540,97667.0,ZHO,43.0,3.0,MEDIUM,6.0,Alfa Romeo,1,12.0,92493.0
541,97785.0,ZHO,44.0,3.0,MEDIUM,7.0,Alfa Romeo,1,11.0,92493.0
542,121756.0,ZHO,45.0,3.0,MEDIUM,8.0,Alfa Romeo,64,9.0,92493.0
543,,ZHO,46.0,4.0,SOFT,4.0,Alfa Romeo,4,13.0,92493.0
544,112222.0,ZHO,47.0,4.0,SOFT,5.0,Alfa Romeo,4,13.0,92493.0
545,106950.0,ZHO,48.0,4.0,SOFT,6.0,Alfa Romeo,4,13.0,92493.0
546,111232.0,ZHO,49.0,4.0,SOFT,7.0,Alfa Romeo,4,13.0,92493.0
547,132681.0,ZHO,50.0,4.0,SOFT,8.0,Alfa Romeo,4,13.0,92493.0
548,99725.0,ZHO,51.0,4.0,SOFT,9.0,Alfa Romeo,1,13.0,92493.0
549,98278.0,ZHO,52.0,4.0,SOFT,10.0,Alfa Romeo,1,12.0,92493.0
550,97162.0,ZHO,53.0,4.0,SOFT,11.0,Alfa Romeo,1,12.0,92493.0
551,97247.0,ZHO,54.0,4.0,SOFT,12.0,Alfa Romeo,1,11.0,92493.0
552,97132.0,ZHO,55.0,4.0,SOFT,13.0,Alfa Romeo,1,11.0,92493.0
553,97154.0,ZHO,56.0,4.0,SOFT,14.0,Alfa Romeo,1,11.0,92493.0
554,98941.0,ZHO,57.0,4.0,SOFT,15.0,Alfa Romeo,1,10.0,92493.0
555,109698.0,HUL,1.0,1.0,SOFT,1.0,Aston Martin,1,15.0,92777.0
556,101077.0,HUL,2.0,1.0,SOFT,2.0,Aston Martin,1,15.0,92777.0
557,100638.0,HUL,3.0,1.0,SOFT,3.0,Aston Martin,1,15.0,92777.0
558,101189.0,HUL,4.0,1.0,SOFT,4.0,Aston Martin,1,15.0,92777.0
559,102490.0,HUL,5.0,1.0,SOFT,5.0,Aston Martin,1,16.0,92777.0
560,101995.0,HUL,6.0,1.0,SOFT,6.0,Aston Martin,1,16.0,92777.0
561,101912.0,HUL,7.0,1.0,SOFT,7.0,Aston Martin,1,16.0,92777.0
562,102177.0,HUL,8.0,1.0,SOFT,8.0,Aston Martin,1,16.0,92777.0
563,103773.0,HUL,9.0,1.0,SOFT,9.0,Aston Martin,1,17.0,92777.0
564,103228.0,HUL,10.0,1.0,SOFT,10.0,Aston Martin,1,17.0,92777.0
565,102603.0,HUL,11.0,1.0,SOFT,11.0,Aston Martin,1,17.0,92777.0
566,102821.0,HUL,12.0,1.0,SOFT,12.0,Aston Martin,1,15.0,92777.0
567,101942.0,HUL,13.0,1.0,SOFT,13.0,Aston Martin,1,15.0,92777.0
568,102959.0,HUL,14.0,1.0,SOFT,14.0,Aston Martin,2,15.0,92777.0
569,102819.0,HUL,15.0,1.0,SOFT,15.0,Aston Martin,1,13.0,92777.0
570,103615.0,HUL,16.0,1.0,SOFT,16.0,Aston Martin,1,12.0,92777.0
571,104450.0,HUL,17.0,1.0,SOFT,17.0,Aston Martin,1,15.0,92777.0
572,103590.0,HUL,18.0,1.0,SOFT,18.0,Aston Martin,1,17.0,92777.0
573,105242.0,HUL,19.0,1.0,SOFT,19.0,Aston Martin,1,17.0,92777.0
574,123711.0,HUL,20.0,2.0,SOFT,1.0,Aston Martin,1,20.0,92777.0
575,99180.0,HUL,21.0,2.0,SOFT,2.0,Aston Martin,1,20.0,92777.0
576,99307.0,HUL,22.0,2.0,SOFT,3.0,Aston Martin,1,20.0,92777.0
577,99220.0,HUL,23.0,2.0,SOFT,4.0,Aston Martin,1,20.0,92777.0
578,99307.0,HUL,24.0,2.0,SOFT,5.0,Aston Martin,1,20.0,92777.0
579,99689.0,HUL,25.0,2.0,SOFT,6.0,Aston Martin,1,19.0,92777.0
580,99506.0,HUL,26.0,2.0,SOFT,7.0,Aston Martin,1,19.0,92777.0
581,99840.0,HUL,27.0,2.0,SOFT,8.0,Aston Martin,1,19.0,92777.0
582,102651.0,HUL,28.0,2.0,SOFT,9.0,Aston Martin,1,19.0,92777.0
583,102181.0,HUL,29.0,2.0,SOFT,10.0,Aston Martin,1,19.0,92777.0
584,100483.0,HUL,30.0,2.0,SOFT,11.0,Aston Martin,1,19.0,92777.0
585,100473.0,HUL,31.0,2.0,SOFT,12.0,Aston Martin,1,19.0,92777.0
586,101036.0,HUL,32.0,2.0,SOFT,13.0,Aston Martin,1,18.0,92777.0
587,100070.0,HUL,33.0,2.0,SOFT,14.0,Aston Martin,1,18.0,92777.0
588,104369.0,HUL,34.0,2.0,SOFT,15.0,Aston Martin,1,18.0,92777.0
589,100815.0,HUL,35.0,2.0,SOFT,16.0,Aston Martin,1,18.0,92777.0
590,100658.0,HUL,36.0,2.0,SOFT,17.0,Aston Martin,1,17.0,92777.0
591,103481.0,HUL,37.0,2.0,SOFT,18.0,Aston Martin,1,17.0,92777.0
592,122368.0,HUL,38.0,3.0,MEDIUM,1.0,Aston Martin,1,20.0,92777.0
593,98819.0,HUL,39.0,3.0,MEDIUM,2.0,Aston Martin,1,20.0,92777.0
594,98751.0,HUL,40.0,3.0,MEDIUM,3.0,Aston Martin,1,20.0,92777.0
595,98361.0,HUL,41.0,3.0,MEDIUM,4.0,Aston Martin,1,20.0,92777.0
596,99671.0,HUL,42.0,3.0,MEDIUM,5.0,Aston Martin,1,20.0,92777.0
597,100222.0,HUL,43.0,3.0,MEDIUM,6.0,Aston Martin,1,20.0,92777.0
598,113374.0,HUL,44.0,3.0,MEDIUM,7.0,Aston Martin,64,20.0,92777.0
599,148352.0,HUL,45.0,4.0,SOFT,1.0,Aston Martin,4,19.0,92777.0
600,119839.0,HUL,46.0,4.0,SOFT,2.0,Aston Martin,4,19.0,92777.0
601,119877.0,HUL,47.0,4.0,SOFT,3.0,Aston Martin,4,19.0,92777.0
602,113739.0,HUL,48.0,4.0,SOFT,4.0,Aston Martin,4,19.0,92777.0
603,98201.0,HUL,49.0,4.0,SOFT,5.0,Aston Martin,4,19.0,92777.0
604,98299.0,HUL,50.0,4.0,SOFT,6.0,Aston Martin,4,19.0,92777.0
605,98243.0,HUL,51.0,4.0,SOFT,7.0,Aston Martin,1,19.0,92777.0
606,98599.0,HUL,52.0,4.0,SOFT,8.0,Aston Martin,1,19.0,92777.0
607,98452.0,HUL,53.0,4.0,SOFT,9.0,Aston Martin,1,19.0,92777.0
608,98533.0,HUL,54.0,4.0,SOFT,10.0,Aston Martin,1,19.0,92777.0
609,99236.0,HUL,55.0,4.0,SOFT,11.0,Aston Martin,1,18.0,92777.0
610,99102.0,HUL,56.0,4.0,SOFT,12.0,Aston Martin,1,18.0,92777.0
611,101180.0,HUL,57.0,4.0,SOFT,13.0,Aston Martin,2,17.0,92777.0
612,111601.0,RIC,1.0,1.0,MEDIUM,1.0,McLaren,1,20.0,92945.0
613,102590.0,RIC,2.0,1.0,MEDIUM,2.0,McLaren,1,20.0,92945.0
614,101711.0,RIC,3.0,1.0,MEDIUM,3.0,McLaren,1,20.0,92945.0
615,101803.0,RIC,4.0,1.0,MEDIUM,4.0,McLaren,1,20.0,92945.0
616,101818.0,RIC,5.0,1.0,MEDIUM,5.0,McLaren,1,20.0,92945.0
617,101770.0,RIC,6.0,1.0,MEDIUM,6.0,McLaren,1,19.0,92945.0
618,103137.0,RIC,7.0,1.0,MEDIUM,7.0,McLaren,1,20.0,92945.0
619,101894.0,RIC,8.0,1.0,MEDIUM,8.0,McLaren,1,20.0,92945.0
620,102746.0,RIC,9.0,1.0,MEDIUM,9.0,McLaren,1,20.0,92945.0
621,102777.0,RIC,10.0,1.0,MEDIUM,10.0,McLaren,1,20.0,92945.0
622,102641.0,RIC,11.0,1.0,MEDIUM,11.0,McLaren,1,20.0,92945.0
623,101621.0,RIC,12.0,1.0,MEDIUM,12.0,McLaren,1,18.0,92945.0
624,102461.0,RIC,13.0,1.0,MEDIUM,13.0,McLaren,1,18.0,92945.0
625,102375.0,RIC,14.0,1.0,MEDIUM,14.0,McLaren,2,17.0,92945.0
626,102543.0,RIC,15.0,1.0,MEDIUM,15.0,McLaren,1,15.0,92945.0
627,103515.0,RIC,16.0,1.0,MEDIUM,16.0,McLaren,1,15.0,92945.0
628,106215.0,RIC,17.0,1.0,MEDIUM,17.0,McLaren,1,18.0,92945.0
629,120056.0,RIC,18.0,2.0,SOFT,1.0,McLaren,1,20.0,92945.0
630,99374.0,RIC,19.0,2.0,SOFT,2.0,McLaren,1,20.0,92945.0
631,99349.0,RIC,20.0,2.0,SOFT,3.0,McLaren,1,19.0,92945.0
632,99722.0,RIC,21.0,2.0,SOFT,4.0,McLaren,1,19.0,92945.0
633,99715.0,RIC,22.0,2.0,SOFT,5.0,McLaren,1,19.0,92945.0
634,99832.0,RIC,23.0,2.0,SOFT,6.0,McLaren,1,19.0,92945.0
635,100273.0,RIC,24.0,2.0,SOFT,7.0,McLaren,1,19.0,92945.0
636,100367.0,RIC,25.0,2.0,SOFT,8.0,McLaren,1,18.0,92945.0
637,100521.0,RIC,26.0,2.0,SOFT,9.0,McLaren,1,18.0,92945.0
638,100869.0,RIC,27.0,2.0,SOFT,10.0,McLaren,1,18.0,92945.0
639,101188.0,RIC,28.0,2.0,SOFT,11.0,McLaren,1,17.0,92945.0
640,100627.0,RIC,29.0,2.0,SOFT,12.0,McLaren,1,17.0,92945.0
641,100647.0,RIC,30.0,2.0,SOFT,13.0,McLaren,1,17.0,92945.0
642,100631.0,RIC,31.0,2.0,SOFT,14.0,McLaren,1,17.0,92945.0
643,100686.0,RIC,32.0,2.0,SOFT,15.0,McLaren,1,17.0,92945.0
644,103359.0,RIC,33.0,2.0,SOFT,16.0,McLaren,1,17.0,92945.0
645,122850.0,RIC,34.0,3.0,HARD,1.0,McLaren,1,19.0,92945.0
646,100424.0,RIC,35.0,3.0,HARD,2.0,McLaren,1,19.0,92945.0
647,98927.0,RIC,36.0,3.0,HARD,3.0,McLaren,1,19.0,92945.0
648,98988.0,RIC,37.0,3.0,HARD,4.0,McLaren,1,19.0,92945.0
649,99146.0,RIC,38.0,3.0,HARD,5.0,McLaren,1,18.0,92945.0
650,99320.0,RIC,39.0,3.0,HARD,6.0,McLaren,1,18.0,92945.0
651,99157.0,RIC,40.0,3.0,HARD,7.0,McLaren,1,18.0,92945.0
652,99054.0,RIC,41.0,3.0,HARD,8.0,McLaren,1,18.0,92945.0
653,101069.0,RIC,42.0,3.0,HARD,9.0,McLaren,1,17.0,92945.0
654,99421.0,RIC,43.0,3.0,HARD,10.0,McLaren,1,17.0,92945.0
655,109227.0,RIC,44.0,3.0,HARD,11.0,McLaren,64,17.0,92945.0
656,148703.0,RIC,45.0,4.0,SOFT,1.0,McLaren,4,18.0,92945.0
657,130812.00000000001,RIC,46.0,4.0,SOFT,2.0,McLaren,4,16.0,92945.0
658,118607.0,RIC,47.0,4.0,SOFT,3.0,McLaren,4,16.0,92945.0
659,117098.0,RIC,48.0,4.0,SOFT,4.0,McLaren,4,16.0,92945.0
660,99453.0,RIC,49.0,4.0,SOFT,5.0,McLaren,4,16.0,92945.0
661,97261.0,RIC,50.0,4.0,SOFT,6.0,McLaren,4,16.0,92945.0
662,97580.0,RIC,51.0,4.0,SOFT,7.0,McLaren,1,16.0,92945.0
663,97654.0,RIC,52.0,4.0,SOFT,8.0,McLaren,1,16.0,92945.0
664,97671.0,RIC,53.0,4.0,SOFT,9.0,McLaren,1,16.0,92945.0
665,98120.0,RIC,54.0,4.0,SOFT,10.0,McLaren,1,16.0,92945.0
666,98639.0,RIC,55.0,4.0,SOFT,11.0,McLaren,1,15.0,92945.0
667,98860.0,RIC,56.0,4.0,SOFT,12.0,McLaren,1,15.0,92945.0
668,100084.0,RIC,57.0,4.0,SOFT,13.0,McLaren,2,14.0,92945.0
669,106170.0,OCO,1.0,1.0,SOFT,1.0,Alpine,1,10.0,91782.0
670,100111.0,OCO,2.0,1.0,SOFT,2.0,Alpine,1,10.0,91782.0
671,100248.0,OCO,3.0,1.0,SOFT,3.0,Alpine,1,10.0,91782.0
672,100209.0,OCO,4.0,1.0,SOFT,4.0,Alpine,1,10.0,91782.0
673,100483.0,OCO,5.0,1.0,SOFT,5.0,Alpine,1,10.0,91782.0
674,100558.0,OCO,6.0,1.0,SOFT,6.0,Alpine,1,10.0,91782.0
675,100782.0,OCO,7.0,1.0,SOFT,7.0,Alpine,1,10.0,91782.0
676,100442.0,OCO,8.0,1.0,SOFT,8.0,Alpine,1,9.0,91782.0
677,100819.0,OCO,9.0,1.0,SOFT,9.0,Alpine,1,9.0,91782.0
678,100992.0,OCO,10.0,1.0,SOFT,10.0,Alpine,1,9.0,91782.0
679,101082.0,OCO,11.0,1.0,SOFT,11.0,Alpine,1,9.0,91782.0
680,101094.0,OCO,12.0,1.0,SOFT,12.0,Alpine,1,8.0,91782.0
681,101395.0,OCO,13.0,1.0,SOFT,13.0,Alpine,1,8.0,91782.0
682,104080.0,OCO,14.0,1.0,SOFT,14.0,Alpine,2,8.0,91782.0
683,125634.0,OCO,15.0,2.0,MEDIUM,1.0,Alpine,1,16.0,91782.0
684,100079.0,OCO,16.0,2.0,MEDIUM,2.0,Alpine,1,11.0,91782.0
685,98820.0,OCO,17.0,2.0,MEDIUM,3.0,Alpine,1,11.0,91782.0
686,100025.0,OCO,18.0,2.0,MEDIUM,4.0,Alpine,1,10.0,91782.0
687,98442.0,OCO,19.0,2.0,MEDIUM,5.0,Alpine,1,10.0,91782.0
688,98917.0,OCO,20.0,2.0,MEDIUM,6.0,Alpine,1,10.0,91782.0
689,99183.0,OCO,21.0,2.0,MEDIUM,7.0,Alpine,1,10.0,91782.0
690,99304.0,OCO,22.0,2.0,MEDIUM,8.0,Alpine,1,10.0,91782.0
691,99495.0,OCO,23.0,2.0,MEDIUM,9.0,Alpine,1,10.0,91782.0
692,99886.0,OCO,24.0,2.0,MEDIUM,10.0,Alpine,1,10.0,91782.0
693,100278.0,OCO,25.0,2.0,MEDIUM,11.0,Alpine,1,9.0,91782.0
694,99188.0,OCO,26.0,2.0,MEDIUM,12.0,Alpine,1,9.0,91782.0
695,99789.0,OCO,27.0,2.0,MEDIUM,13.0,Alpine,1,9.0,91782.0
696,99766.0,OCO,28.0,2.0,MEDIUM,14.0,Alpine,1,9.0,91782.0
697,99877.0,OCO,29.0,2.0,MEDIUM,15.0,Alpine,1,9.0,91782.0
698,102618.0,OCO,30.0,2.0,MEDIUM,16.0,Alpine,1,9.0,91782.0
699,120824.0,OCO,31.0,3.0,HARD,1.0,Alpine,1,13.0,91782.0
700,98298.0,OCO,32.0,3.0,HARD,2.0,Alpine,1,12.0,91782.0
701,98110.0,OCO,33.0,3.0,HARD,3.0,Alpine,1,12.0,91782.0
702,98155.0,OCO,34.0,3.0,HARD,4.0,Alpine,1,12.0,91782.0
703,98307.0,OCO,35.0,3.0,HARD,5.0,Alpine,1,12.0,91782.0
704,98515.0,OCO,36.0,3.0,HARD,6.0,Alpine,1,12.0,91782.0
705,98851.0,OCO,37.0,3.0,HARD,7.0,Alpine,1,11.0,91782.0
706,98210.0,OCO,38.0,3.0,HARD,8.0,Alpine,1,9.0,91782.0
707,98612.0,OCO,39.0,3.0,HARD,9.0,Alpine,1,9.0,91782.0
708,98641.0,OCO,40.0,3.0,HARD,10.0,Alpine,1,9.0,91782.0
709,98584.0,OCO,41.0,3.0,HARD,11.0,Alpine,1,9.0,91782.0
710,99064.0,OCO,42.0,3.0,HARD,12.0,Alpine,1,9.0,91782.0
711,101631.0,OCO,43.0,3.0,HARD,13.0,Alpine,1,9.0,91782.0
712,116780.0,OCO,44.0,4.0,SOFT,4.0,Alpine,1,12.0,91782.0
713,124785.0,OCO,45.0,4.0,SOFT,5.0,Alpine,64,10.0,91782.0
714,131055.0,OCO,46.0,4.0,SOFT,6.0,Alpine,4,9.0,91782.0
715,104365.0,OCO,47.0,4.0,SOFT,7.0,Alpine,4,9.0,91782.0
716,105075.0,OCO,48.0,4.0,SOFT,8.0,Alpine,4,9.0,91782.0
717,126437.0,OCO,49.0,4.0,SOFT,9.0,Alpine,4,9.0,91782.0
718,135414.0,OCO,50.0,4.0,SOFT,10.0,Alpine,4,9.0,91782.0
719,98145.0,OCO,51.0,4.0,SOFT,11.0,Alpine,1,9.0,91782.0
720,97367.0,OCO,52.0,4.0,SOFT,12.0,Alpine,1,9.0,91782.0
721,97110.0,OCO,53.0,4.0,SOFT,13.0,Alpine,1,9.0,91782.0
722,97299.0,OCO,54.0,4.0,SOFT,14.0,Alpine,1,8.0,91782.0
723,97251.0,OCO,55.0,4.0,SOFT,15.0,Alpine,1,8.0,91782.0
724,97680.0,OCO,56.0,4.0,SOFT,16.0,Alpine,1,8.0,91782.0
725,98676.0,OCO,57.0,4.0,SOFT,17.0,Alpine,1,7.0,91782.0
726,110088.0,NOR,1.0,1.0,MEDIUM,1.0,McLaren,1,16.0,92008.0
727,102279.0,NOR,2.0,1.0,MEDIUM,2.0,McLaren,1,17.0,92008.0
728,101785.0,NOR,3.0,1.0,MEDIUM,3.0,McLaren,1,18.0,92008.0
729,101459.0,NOR,4.0,1.0,MEDIUM,4.0,McLaren,1,18.0,92008.0
730,101713.0,NOR,5.0,1.0,MEDIUM,5.0,McLaren,1,18.0,92008.0
731,101658.0,NOR,6.0,1.0,MEDIUM,6.0,McLaren,1,18.0,92008.0
732,102192.0,NOR,7.0,1.0,MEDIUM,7.0,McLaren,1,18.0,92008.0
733,101860.0,NOR,8.0,1.0,MEDIUM,8.0,McLaren,1,18.0,92008.0
734,102492.0,NOR,9.0,1.0,MEDIUM,9.0,McLaren,1,18.0,92008.0
735,103420.0,NOR,10.0,1.0,MEDIUM,10.0,McLaren,1,18.0,92008.0
736,102833.0,NOR,11.0,1.0,MEDIUM,11.0,McLaren,1,18.0,92008.0
737,102645.0,NOR,12.0,1.0,MEDIUM,12.0,McLaren,1,16.0,92008.0
738,102041.0,NOR,13.0,1.0,MEDIUM,13.0,McLaren,1,16.0,92008.0
739,102794.0,NOR,14.0,1.0,MEDIUM,14.0,McLaren,2,16.0,92008.0
740,102830.0,NOR,15.0,1.0,MEDIUM,15.0,McLaren,1,14.0,92008.0
741,103031.0,NOR,16.0,1.0,MEDIUM,16.0,McLaren,1,13.0,92008.0
742,103396.0,NOR,17.0,1.0,MEDIUM,17.0,McLaren,1,14.0,92008.0
743,101828.0,NOR,18.0,1.0,MEDIUM,18.0,McLaren,1,14.0,92008.0
744,103166.0,NOR,19.0,1.0,MEDIUM,19.0,McLaren,1,15.0,92008.0
745,101881.0,NOR,20.0,1.0,MEDIUM,20.0,McLaren,1,15.0,92008.0
746,101816.0,NOR,21.0,1.0,MEDIUM,21.0,McLaren,1,15.0,92008.0
747,102876.0,NOR,22.0,1.0,MEDIUM,22.0,McLaren,1,16.0,92008.0
748,102186.0,NOR,23.0,1.0,MEDIUM,23.0,McLaren,1,16.0,92008.0
749,105759.0,NOR,24.0,1.0,MEDIUM,24.0,McLaren,1,17.0,92008.0
750,122145.0,NOR,25.0,2.0,HARD,1.0,McLaren,1,20.0,92008.0
751,99351.0,NOR,26.0,2.0,HARD,2.0,McLaren,1,20.0,92008.0
752,99175.0,NOR,27.0,2.0,HARD,3.0,McLaren,1,20.0,92008.0
753,99042.0,NOR,28.0,2.0,HARD,4.0,McLaren,1,20.0,92008.0
754,98874.0,NOR,29.0,2.0,HARD,5.0,McLaren,1,20.0,92008.0
755,99184.0,NOR,30.0,2.0,HARD,6.0,McLaren,1,20.0,92008.0
756,99251.0,NOR,31.0,2.0,HARD,7.0,McLaren,1,20.0,92008.0
757,101449.0,NOR,32.0,2.0,HARD,8.0,McLaren,1,19.0,92008.0
758,99161.0,NOR,33.0,2.0,HARD,9.0,McLaren,1,19.0,92008.0
759,100104.0,NOR,34.0,2.0,HARD,10.0,McLaren,1,17.0,92008.0
760,100844.0,NOR,35.0,2.0,HARD,11.0,McLaren,1,17.0,92008.0
761,100766.0,NOR,36.0,2.0,HARD,12.0,McLaren,1,16.0,92008.0
762,99657.0,NOR,37.0,2.0,HARD,13.0,McLaren,1,16.0,92008.0
763,99679.0,NOR,38.0,2.0,HARD,14.0,McLaren,1,16.0,92008.0
764,99677.0,NOR,39.0,2.0,HARD,15.0,McLaren,1,15.0,92008.0
765,101799.0,NOR,40.0,2.0,HARD,16.0,McLaren,1,15.0,92008.0
766,102153.0,NOR,41.0,2.0,HARD,17.0,McLaren,1,16.0,92008.0
767,120713.0,NOR,42.0,3.0,SOFT,1.0,McLaren,1,19.0,92008.0
768,97204.0,NOR,43.0,3.0,SOFT,2.0,McLaren,1,18.0,92008.0
769,105936.0,NOR,44.0,3.0,SOFT,3.0,McLaren,64,18.0,92008.0
770,132350.0,NOR,45.0,3.0,SOFT,4.0,McLaren,4,16.0,92008.0
771,143748.0,NOR,46.0,4.0,SOFT,5.0,McLaren,4,17.0,92008.0
772,119069.0,NOR,47.0,4.0,SOFT,6.0,McLaren,4,17.0,92008.0
773,114670.0,NOR,48.0,4.0,SOFT,7.0,McLaren,4,17.0,92008.0
774,99907.0,NOR,49.0,4.0,SOFT,8.0,McLaren,4,17.0,92008.0
775,98098.0,NOR,50.0,4.0,SOFT,9.0,McLaren,4,17.0,92008.0
776,96988.0,NOR,51.0,4.0,SOFT,10.0,McLaren,1,17.0,92008.0
777,97208.0,NOR,52.0,4.0,SOFT,11.0,McLaren,1,17.0,92008.0
778,97468.0,NOR,53.0,4.0,SOFT,12.0,McLaren,1,17.0,92008.0
779,98018.0,NOR,54.0,4.0,SOFT,13.0,McLaren,1,17.0,92008.0
780,98660.0,NOR,55.0,4.0,SOFT,14.0,McLaren,1,16.0,92008.0
781,98987.0,NOR,56.0,4.0,SOFT,15.0,McLaren,1,16.0,92008.0
782,100556.0,NOR,57.0,4.0,SOFT,16.0,McLaren,2,15.0,92008.0
783,101555.0,HAM,1.0,1.0,SOFT,3.0,Mercedes,1,4.0,91048.0
784,99002.0,HAM,2.0,1.0,SOFT,4.0,Mercedes,1,4.0,91048.0
785,99075.0,HAM,3.0,1.0,SOFT,5.0,Mercedes,1,4.0,91048.0
786,98892.0,HAM,4.0,1.0,SOFT,6.0,Mercedes,1,4.0,91048.0
787,98923.0,HAM,5.0,1.0,SOFT,7.0,Mercedes,1,4.0,91048.0
788,99707.0,HAM,6.0,1.0,SOFT,8.0,Mercedes,1,4.0,91048.0
789,99682.0,HAM,7.0,1.0,SOFT,9.0,Mercedes,1,4.0,91048.0
790,99758.0,HAM,8.0,1.0,SOFT,10.0,Mercedes,1,4.0,91048.0
791,100274.0,HAM,9.0,1.0,SOFT,11.0,Mercedes,1,4.0,91048.0
792,101581.0,HAM,10.0,1.0,SOFT,12.0,Mercedes,1,5.0,91048.0
793,102945.0,HAM,11.0,1.0,SOFT,13.0,Mercedes,1,5.0,91048.0
794,123697.0,HAM,12.0,2.0,HARD,2.0,Mercedes,1,12.0,91048.0
795,99330.0,HAM,13.0,2.0,HARD,3.0,Mercedes,1,11.0,91048.0
796,99309.0,HAM,14.0,2.0,HARD,4.0,Mercedes,2,10.0,91048.0
797,98587.0,HAM,15.0,2.0,HARD,5.0,Mercedes,1,6.0,91048.0
798,98236.0,HAM,16.0,2.0,HARD,6.0,Mercedes,1,5.0,91048.0
799,98644.0,HAM,17.0,2.0,HARD,7.0,Mercedes,1,5.0,91048.0
800,98368.0,HAM,18.0,2.0,HARD,8.0,Mercedes,1,5.0,91048.0
801,98393.0,HAM,19.0,2.0,HARD,9.0,Mercedes,1,5.0,91048.0
802,98606.0,HAM,20.0,2.0,HARD,10.0,Mercedes,1,5.0,91048.0
803,98542.0,HAM,21.0,2.0,HARD,11.0,Mercedes,1,5.0,91048.0
804,99407.0,HAM,22.0,2.0,HARD,12.0,Mercedes,1,5.0,91048.0
805,99109.0,HAM,23.0,2.0,HARD,13.0,Mercedes,1,5.0,91048.0
806,99342.0,HAM,24.0,2.0,HARD,14.0,Mercedes,1,5.0,91048.0
807,99186.0,HAM,25.0,2.0,HARD,15.0,Mercedes,1,5.0,91048.0
808,99255.0,HAM,26.0,2.0,HARD,16.0,Mercedes,1,5.0,91048.0
809,101666.0,HAM,27.0,2.0,HARD,17.0,Mercedes,1,5.0,91048.0
810,121276.0,HAM,28.0,3.0,MEDIUM,1.0,Mercedes,1,8.0,91048.0
811,97871.0,HAM,29.0,3.0,MEDIUM,2.0,Mercedes,1,8.0,91048.0
812,97506.0,HAM,30.0,3.0,MEDIUM,3.0,Mercedes,1,8.0,91048.0
813,96660.0,HAM,31.0,3.0,MEDIUM,4.0,Mercedes,1,7.0,91048.0
814,98290.0,HAM,32.0,3.0,MEDIUM,5.0,Mercedes,1,7.0,91048.0
815,97085.0,HAM,33.0,3.0,MEDIUM,6.0,Mercedes,1,6.0,91048.0
816,97593.0,HAM,34.0,3.0,MEDIUM,7.0,Mercedes,1,5.0,91048.0
817,97470.0,HAM,35.0,3.0,MEDIUM,8.0,Mercedes,1,5.0,91048.0
818,97660.0,HAM,36.0,3.0,MEDIUM,9.0,Mercedes,1,5.0,91048.0
819,97771.0,HAM,37.0,3.0,MEDIUM,10.0,Mercedes,1,5.0,91048.0
820,97942.0,HAM,38.0,3.0,MEDIUM,11.0,Mercedes,1,5.0,91048.0
821,97668.0,HAM,39.0,3.0,MEDIUM,12.0,Mercedes,1,5.0,91048.0
822,97898.0,HAM,40.0,3.0,MEDIUM,13.0,Mercedes,1,5.0,91048.0
823,97912.0,HAM,41.0,3.0,MEDIUM,14.0,Mercedes,1,5.0,91048.0
824,98422.0,HAM,42.0,3.0,MEDIUM,15.0,Mercedes,1,5.0,91048.0
825,98205.0,HAM,43.0,3.0,MEDIUM,16.0,Mercedes,1,5.0,91048.0
826,101007.0,HAM,44.0,3.0,MEDIUM,17.0,Mercedes,1,4.0,91048.0
827,131741.0,HAM,45.0,4.0,SOFT,4.0,Mercedes,64,6.0,91048.0
828,131044.00000000001,HAM,46.0,4.0,SOFT,5.0,Mercedes,4,5.0,91048.0
829,126318.0,HAM,47.0,4.0,SOFT,6.0,Mercedes,4,5.0,91048.0
830,119093.0,HAM,48.0,4.0,SOFT,7.0,Mercedes,4,5.0,91048.0
831,139798.0,HAM,49.0,4.0,SOFT,8.0,Mercedes,4,5.0,91048.0
832,140564.0,HAM,50.0,4.0,SOFT,9.0,Mercedes,4,5.0,91048.0
833,96487.0,HAM,51.0,4.0,SOFT,10.0,Mercedes,1,5.0,91048.0
834,96360.0,HAM,52.0,4.0,SOFT,11.0,Mercedes,1,5.0,91048.0
835,96228.0,HAM,53.0,4.0,SOFT,12.0,Mercedes,1,5.0,91048.0
836,96354.0,HAM,54.0,4.0,SOFT,13.0,Mercedes,1,4.0,91048.0
837,96566.0,HAM,55.0,4.0,SOFT,14.0,Mercedes,1,4.0,91048.0
838,96481.0,HAM,56.0,4.0,SOFT,15.0,Mercedes,1,4.0,91048.0
839,96918.0,HAM,57.0,4.0,SOFT,16.0,Mercedes,1,3.0,91048.0
840,108826.0,MSC,1.0,1.0,SOFT,1.0,Haas F1 Team,1,13.0,91998.0
841,100722.0,MSC,2.0,1.0,SOFT,2.0,Haas F1 Team,1,13.0,91998.0
842,100747.0,MSC,3.0,1.0,SOFT,3.0,Haas F1 Team,1,13.0,91998.0
843,101163.0,MSC,4.0,1.0,SOFT,4.0,Haas F1 Team,1,13.0,91998.0
844,102049.0,MSC,5.0,1.0,SOFT,5.0,Haas F1 Team,1,13.0,91998.0
845,102447.0,MSC,6.0,1.0,SOFT,6.0,Haas F1 Team,1,14.0,91998.0
846,102512.0,MSC,7.0,1.0,SOFT,7.0,Haas F1 Team,1,15.0,91998.0
847,102304.0,MSC,8.0,1.0,SOFT,8.0,Haas F1 Team,1,15.0,91998.0
848,102158.0,MSC,9.0,1.0,SOFT,9.0,Haas F1 Team,1,15.0,91998.0
849,103969.0,MSC,10.0,1.0,SOFT,10.0,Haas F1 Team,1,16.0,91998.0
850,102809.0,MSC,11.0,1.0,SOFT,11.0,Haas F1 Team,1,16.0,91998.0
851,105949.0,MSC,12.0,1.0,SOFT,12.0,Haas F1 Team,1,17.0,91998.0
852,119469.0,MSC,13.0,2.0,MEDIUM,1.0,Haas F1 Team,1,20.0,91998.0
853,98179.0,MSC,14.0,2.0,MEDIUM,2.0,Haas F1 Team,2,19.0,91998.0
854,99109.0,MSC,15.0,2.0,MEDIUM,3.0,Haas F1 Team,1,18.0,91998.0
855,99406.0,MSC,16.0,2.0,MEDIUM,4.0,Haas F1 Team,1,17.0,91998.0
856,100565.0,MSC,17.0,2.0,MEDIUM,5.0,Haas F1 Team,1,17.0,91998.0
857,99878.0,MSC,18.0,2.0,MEDIUM,6.0,Haas F1 Team,1,16.0,91998.0
858,100091.0,MSC,19.0,2.0,MEDIUM,7.0,Haas F1 Team,1,14.0,91998.0
859,99295.0,MSC,20.0,2.0,MEDIUM,8.0,Haas F1 Team,1,14.0,91998.0
860,99816.0,MSC,21.0,2.0,MEDIUM,9.0,Haas F1 Team,1,14.0,91998.0
861,99964.0,MSC,22.0,2.0,MEDIUM,10.0,Haas F1 Team,1,14.0,91998.0
862,100636.0,MSC,23.0,2.0,MEDIUM,11.0,Haas F1 Team,1,14.0,91998.0
863,100154.0,MSC,24.0,2.0,MEDIUM,12.0,Haas F1 Team,1,14.0,91998.0
864,100620.0,MSC,25.0,2.0,MEDIUM,13.0,Haas F1 Team,1,14.0,91998.0
865,100547.0,MSC,26.0,2.0,MEDIUM,14.0,Haas F1 Team,1,13.0,91998.0
866,100987.0,MSC,27.0,2.0,MEDIUM,15.0,Haas F1 Team,1,13.0,91998.0
867,100690.0,MSC,28.0,2.0,MEDIUM,16.0,Haas F1 Team,1,13.0,91998.0
868,100919.0,MSC,29.0,2.0,MEDIUM,17.0,Haas F1 Team,1,13.0,91998.0
869,101606.0,MSC,30.0,2.0,MEDIUM,18.0,Haas F1 Team,1,13.0,91998.0
870,100914.0,MSC,31.0,2.0,MEDIUM,19.0,Haas F1 Team,1,12.0,91998.0
871,100916.0,MSC,32.0,2.0,MEDIUM,20.0,Haas F1 Team,1,13.0,91998.0
872,101340.0,MSC,33.0,2.0,MEDIUM,21.0,Haas F1 Team,1,14.0,91998.0
873,101178.0,MSC,34.0,2.0,MEDIUM,22.0,Haas F1 Team,1,14.0,91998.0
874,103748.0,MSC,35.0,2.0,MEDIUM,23.0,Haas F1 Team,1,14.0,91998.0
875,118500.0,MSC,36.0,3.0,SOFT,3.0,Haas F1 Team,1,15.0,91998.0
876,96956.0,MSC,37.0,3.0,SOFT,4.0,Haas F1 Team,1,15.0,91998.0
877,97176.0,MSC,38.0,3.0,SOFT,5.0,Haas F1 Team,1,15.0,91998.0
878,97433.0,MSC,39.0,3.0,SOFT,6.0,Haas F1 Team,1,14.0,91998.0
879,97947.0,MSC,40.0,3.0,SOFT,7.0,Haas F1 Team,1,14.0,91998.0
880,98182.0,MSC,41.0,3.0,SOFT,8.0,Haas F1 Team,1,14.0,91998.0
881,97957.0,MSC,42.0,3.0,SOFT,9.0,Haas F1 Team,1,14.0,91998.0
882,98137.0,MSC,43.0,3.0,SOFT,10.0,Haas F1 Team,1,13.0,91998.0
883,98279.0,MSC,44.0,3.0,SOFT,11.0,Haas F1 Team,1,13.0,91998.0
884,127252.0,MSC,45.0,3.0,SOFT,12.0,Haas F1 Team,64,11.0,91998.0
885,130214.0,MSC,46.0,3.0,SOFT,13.0,Haas F1 Team,4,10.0,91998.0
886,105856.0,MSC,47.0,3.0,SOFT,14.0,Haas F1 Team,4,10.0,91998.0
887,103510.0,MSC,48.0,3.0,SOFT,15.0,Haas F1 Team,4,10.0,91998.0
888,121897.0,MSC,49.0,3.0,SOFT,16.0,Haas F1 Team,4,10.0,91998.0
889,135042.0,MSC,50.0,3.0,SOFT,17.0,Haas F1 Team,4,10.0,91998.0
890,100528.0,MSC,51.0,3.0,SOFT,18.0,Haas F1 Team,1,12.0,91998.0
891,99537.0,MSC,52.0,3.0,SOFT,19.0,Haas F1 Team,1,13.0,91998.0
892,98537.0,MSC,53.0,3.0,SOFT,20.0,Haas F1 Team,1,13.0,91998.0
893,98747.0,MSC,54.0,3.0,SOFT,21.0,Haas F1 Team,1,12.0,91998.0
894,99201.0,MSC,55.0,3.0,SOFT,22.0,Haas F1 Team,1,12.0,91998.0
895,99090.0,MSC,56.0,3.0,SOFT,23.0,Haas F1 Team,1,12.0,91998.0
896,100498.0,MSC,57.0,3.0,SOFT,24.0,Haas F1 Team,2,11.0,91998.0
897,101006.0,SAI,1.0,1.0,SOFT,4.0,Ferrari,1,3.0,90687.0
898,98649.0,SAI,2.0,1.0,SOFT,5.0,Ferrari,1,3.0,90687.0
899,99049.0,SAI,3.0,1.0,SOFT,6.0,Ferrari,1,3.0,90687.0
900,98923.0,SAI,4.0,1.0,SOFT,7.0,Ferrari,1,3.0,90687.0
901,99101.0,SAI,5.0,1.0,SOFT,8.0,Ferrari,1,3.0,90687.0
902,99594.0,SAI,6.0,1.0,SOFT,9.0,Ferrari,1,3.0,90687.0
903,99588.0,SAI,7.0,1.0,SOFT,10.0,Ferrari,1,3.0,90687.0
904,99275.0,SAI,8.0,1.0,SOFT,11.0,Ferrari,1,3.0,90687.0
905,99424.0,SAI,9.0,1.0,SOFT,12.0,Ferrari,1,3.0,90687.0
906,99682.0,SAI,10.0,1.0,SOFT,13.0,Ferrari,1,3.0,90687.0
907,99942.0,SAI,11.0,1.0,SOFT,14.0,Ferrari,1,3.0,90687.0
908,100097.0,SAI,12.0,1.0,SOFT,15.0,Ferrari,1,3.0,90687.0
909,100165.0,SAI,13.0,1.0,SOFT,16.0,Ferrari,1,3.0,90687.0
910,103029.0,SAI,14.0,1.0,SOFT,17.0,Ferrari,2,4.0,90687.0
911,118327.0,SAI,15.0,2.0,SOFT,1.0,Ferrari,2,5.0,90687.0
912,97477.0,SAI,16.0,2.0,SOFT,2.0,Ferrari,1,3.0,90687.0
913,97172.0,SAI,17.0,2.0,SOFT,3.0,Ferrari,1,3.0,90687.0
914,97561.0,SAI,18.0,2.0,SOFT,4.0,Ferrari,1,3.0,90687.0
915,97581.0,SAI,19.0,2.0,SOFT,5.0,Ferrari,1,3.0,90687.0
916,98059.0,SAI,20.0,2.0,SOFT,6.0,Ferrari,1,3.0,90687.0
917,97721.0,SAI,21.0,2.0,SOFT,7.0,Ferrari,1,3.0,90687.0
918,97914.0,SAI,22.0,2.0,SOFT,8.0,Ferrari,1,3.0,90687.0
919,98244.0,SAI,23.0,2.0,SOFT,9.0,Ferrari,1,3.0,90687.0
920,98242.0,SAI,24.0,2.0,SOFT,10.0,Ferrari,1,3.0,90687.0
921,98264.0,SAI,25.0,2.0,SOFT,11.0,Ferrari,1,3.0,90687.0
922,98444.0,SAI,26.0,2.0,SOFT,12.0,Ferrari,1,3.0,90687.0
923,98846.0,SAI,27.0,2.0,SOFT,13.0,Ferrari,1,3.0,90687.0
924,98729.0,SAI,28.0,2.0,SOFT,14.0,Ferrari,1,3.0,90687.0
925,98953.0,SAI,29.0,2.0,SOFT,15.0,Ferrari,1,3.0,90687.0
926,99004.0,SAI,30.0,2.0,SOFT,16.0,Ferrari,1,3.0,90687.0
927,99105.0,SAI,31.0,2.0,SOFT,17.0,Ferrari,1,2.0,90687.0
928,99386.0,SAI,32.0,2.0,SOFT,18.0,Ferrari,1,1.0,90687.0
929,101915.0,SAI,33.0,2.0,SOFT,19.0,Ferrari,1,1.0,90687.0
930,117101.0,SAI,34.0,3.0,MEDIUM,1.0,Ferrari,1,3.0,90687.0
931,96454.0,SAI,35.0,3.0,MEDIUM,2.0,Ferrari,1,3.0,90687.0
932,96600.0,SAI,36.0,3.0,MEDIUM,3.0,Ferrari,1,3.0,90687.0
933,96893.0,SAI,37.0,3.0,MEDIUM,4.0,Ferrari,1,3.0,90687.0
934,97012.0,SAI,38.0,3.0,MEDIUM,5.0,Ferrari,1,3.0,90687.0
935,97044.0,SAI,39.0,3.0,MEDIUM,6.0,Ferrari,1,3.0,90687.0
936,97271.0,SAI,40.0,3.0,MEDIUM,7.0,Ferrari,1,3.0,90687.0
937,96771.0,SAI,41.0,3.0,MEDIUM,8.0,Ferrari,1,3.0,90687.0
938,97269.0,SAI,42.0,3.0,MEDIUM,9.0,Ferrari,1,3.0,90687.0
939,97260.0,SAI,43.0,3.0,MEDIUM,10.0,Ferrari,1,3.0,90687.0
940,99699.0,SAI,44.0,3.0,MEDIUM,11.0,Ferrari,1,2.0,90687.0
941,123686.0,SAI,45.0,4.0,SOFT,4.0,Ferrari,6,3.0,90687.0
942,128330.99999999999,SAI,46.0,4.0,SOFT,5.0,Ferrari,64,3.0,90687.0
943,132959.0,SAI,47.0,4.0,SOFT,6.0,Ferrari,4,3.0,90687.0
944,135797.0,SAI,48.0,4.0,SOFT,7.0,Ferrari,4,3.0,90687.0
945,144765.0,SAI,49.0,4.0,SOFT,8.0,Ferrari,4,3.0,90687.0
946,143514.0,SAI,50.0,4.0,SOFT,9.0,Ferrari,4,3.0,90687.0
947,95992.0,SAI,51.0,4.0,SOFT,10.0,Ferrari,1,3.0,90687.0
948,95740.0,SAI,52.0,4.0,SOFT,11.0,Ferrari,1,3.0,90687.0
949,95880.0,SAI,53.0,4.0,SOFT,12.0,Ferrari,1,3.0,90687.0
950,96565.0,SAI,54.0,4.0,SOFT,13.0,Ferrari,1,2.0,90687.0
951,96075.0,SAI,55.0,4.0,SOFT,14.0,Ferrari,1,2.0,90687.0
952,95767.0,SAI,56.0,4.0,SOFT,15.0,Ferrari,1,2.0,90687.0
953,96269.0,SAI,57.0,4.0,SOFT,16.0,Ferrari,1,2.0,90687.0
954,111134.0,LAT,1.0,1.0,SOFT,1.0,Williams,1,18.0,93634.0
955,102298.0,LAT,2.0,1.0,SOFT,2.0,Williams,1,19.0,93634.0
956,101668.0,LAT,3.0,1.0,SOFT,3.0,Williams,1,19.0,93634.0
957,101947.0,LAT,4.0,1.0,SOFT,4.0,Williams,1,19.0,93634.0
958,101678.0,LAT,5.0,1.0,SOFT,5.0,Williams,1,19.0,93634.0
959,102945.0,LAT,6.0,1.0,SOFT,6.0,Williams,1,20.0,93634.0
960,102065.0,LAT,7.0,1.0,SOFT,7.0,Williams,1,19.0,93634.0
961,101931.0,LAT,8.0,1.0,SOFT,8.0,Williams,1,19.0,93634.0
962,102473.0,LAT,9.0,1.0,SOFT,9.0,Williams,1,19.0,93634.0
963,102678.0,LAT,10.0,1.0,SOFT,10.0,Williams,1,19.0,93634.0
964,102822.0,LAT,11.0,1.0,SOFT,11.0,Williams,1,19.0,93634.0
965,103492.0,LAT,12.0,1.0,SOFT,12.0,Williams,1,19.0,93634.0
966,103360.0,LAT,13.0,1.0,SOFT,13.0,Williams,1,19.0,93634.0
967,105315.0,LAT,14.0,1.0,SOFT,14.0,Williams,2,18.0,93634.0
968,118534.0,LAT,15.0,2.0,SOFT,1.0,Williams,1,20.0,93634.0
969,99239.0,LAT,16.0,2.0,SOFT,2.0,Williams,1,20.0,93634.0
970,99655.0,LAT,17.0,2.0,SOFT,3.0,Williams,1,20.0,93634.0
971,100272.0,LAT,18.0,2.0,SOFT,4.0,Williams,1,19.0,93634.0
972,100245.0,LAT,19.0,2.0,SOFT,5.0,Williams,1,18.0,93634.0
973,100489.0,LAT,20.0,2.0,SOFT,6.0,Williams,1,17.0,93634.0
974,101735.0,LAT,21.0,2.0,SOFT,7.0,Williams,1,18.0,93634.0
975,101036.0,LAT,22.0,2.0,SOFT,8.0,Williams,1,18.0,93634.0
976,101284.0,LAT,23.0,2.0,SOFT,9.0,Williams,1,18.0,93634.0
977,101118.0,LAT,24.0,2.0,SOFT,10.0,Williams,1,18.0,93634.0
978,101031.0,LAT,25.0,2.0,SOFT,11.0,Williams,1,17.0,93634.0
979,101161.0,LAT,26.0,2.0,SOFT,12.0,Williams,1,17.0,93634.0
980,101182.0,LAT,27.0,2.0,SOFT,13.0,Williams,1,17.0,93634.0
981,102810.0,LAT,28.0,2.0,SOFT,14.0,Williams,1,18.0,93634.0
982,102572.0,LAT,29.0,2.0,SOFT,15.0,Williams,1,18.0,93634.0
983,102106.0,LAT,30.0,2.0,SOFT,16.0,Williams,1,18.0,93634.0
984,101888.0,LAT,31.0,2.0,SOFT,17.0,Williams,1,18.0,93634.0
985,104577.0,LAT,32.0,2.0,SOFT,18.0,Williams,1,20.0,93634.0
986,123320.0,LAT,33.0,3.0,MEDIUM,1.0,Williams,1,20.0,93634.0
987,99285.0,LAT,34.0,3.0,MEDIUM,2.0,Williams,1,20.0,93634.0
988,99763.0,LAT,35.0,3.0,MEDIUM,3.0,Williams,1,20.0,93634.0
989,99455.0,LAT,36.0,3.0,MEDIUM,4.0,Williams,1,20.0,93634.0
990,101384.0,LAT,37.0,3.0,MEDIUM,5.0,Williams,1,20.0,93634.0
991,99891.0,LAT,38.0,3.0,MEDIUM,6.0,Williams,1,19.0,93634.0
992,100258.0,LAT,39.0,3.0,MEDIUM,7.0,Williams,1,19.0,93634.0
993,100219.0,LAT,40.0,3.0,MEDIUM,8.0,Williams,1,19.0,93634.0
994,99797.0,LAT,41.0,3.0,MEDIUM,9.0,Williams,1,19.0,93634.0
995,99937.0,LAT,42.0,3.0,MEDIUM,10.0,Williams,1,18.0,93634.0
996,100899.0,LAT,43.0,3.0,MEDIUM,11.0,Williams,1,19.0,93634.0
997,111928.0,LAT,44.0,3.0,MEDIUM,12.0,Williams,64,19.0,93634.0
998,131603.0,LAT,45.0,3.0,MEDIUM,13.0,Williams,4,17.0,93634.0
999,138301.0,LAT,46.0,4.0,SOFT,4.0,Williams,4,18.0,93634.0
1000,120201.0,LAT,47.0,4.0,SOFT,5.0,Williams,4,18.0,93634.0
1001,113396.0,LAT,48.0,4.0,SOFT,6.0,Williams,4,18.0,93634.0
1002,98651.0,LAT,49.0,4.0,SOFT,7.0,Williams,4,18.0,93634.0
1003,98335.0,LAT,50.0,4.0,SOFT,8.0,Williams,4,18.0,93634.0
1004,98251.0,LAT,51.0,4.0,SOFT,9.0,Williams,1,18.0,93634.0
1005,98466.0,LAT,52.0,4.0,SOFT,10.0,Williams,1,18.0,93634.0
1006,98452.0,LAT,53.0,4.0,SOFT,11.0,Williams,1,18.0,93634.0
1007,98707.0,LAT,54.0,4.0,SOFT,12.0,Williams,1,18.0,93634.0
1008,99119.0,LAT,55.0,4.0,SOFT,13.0,Williams,1,17.0,93634.0
1009,99145.0,LAT,56.0,4.0,SOFT,14.0,Williams,1,17.0,93634.0
1010,99876.0,LAT,57.0,4.0,SOFT,15.0,Williams,2,16.0,93634.0
1011,103445.0,RUS,1.0,1.0,SOFT,4.0,Mercedes,1,7.0,91252.0
1012,99694.0,RUS,2.0,1.0,SOFT,5.0,Mercedes,1,7.0,91252.0
1013,99725.0,RUS,3.0,1.0,SOFT,6.0,Mercedes,1,7.0,91252.0
1014,99772.0,RUS,4.0,1.0,SOFT,7.0,Mercedes,1,7.0,91252.0
1015,99041.0,RUS,5.0,1.0,SOFT,8.0,Mercedes,1,6.0,91252.0
1016,99605.0,RUS,6.0,1.0,SOFT,9.0,Mercedes,1,6.0,91252.0
1017,99934.0,RUS,7.0,1.0,SOFT,10.0,Mercedes,1,6.0,91252.0
1018,99729.0,RUS,8.0,1.0,SOFT,11.0,Mercedes,1,6.0,91252.0
1019,100158.0,RUS,9.0,1.0,SOFT,12.0,Mercedes,1,6.0,91252.0
1020,100236.0,RUS,10.0,1.0,SOFT,13.0,Mercedes,1,6.0,91252.0
1021,100358.0,RUS,11.0,1.0,SOFT,14.0,Mercedes,1,6.0,91252.0
1022,100215.0,RUS,12.0,1.0,SOFT,15.0,Mercedes,1,5.0,91252.0
1023,100448.0,RUS,13.0,1.0,SOFT,16.0,Mercedes,1,5.0,91252.0
1024,100409.0,RUS,14.0,1.0,SOFT,17.0,Mercedes,2,5.0,91252.0
1025,103097.0,RUS,15.0,1.0,SOFT,18.0,Mercedes,2,3.0,91252.0
1026,122370.0,RUS,16.0,2.0,HARD,2.0,Mercedes,1,6.0,91252.0
1027,98089.0,RUS,17.0,2.0,HARD,3.0,Mercedes,1,6.0,91252.0
1028,98114.0,RUS,18.0,2.0,HARD,4.0,Mercedes,1,6.0,91252.0
1029,98307.0,RUS,19.0,2.0,HARD,5.0,Mercedes,1,6.0,91252.0
1030,98148.0,RUS,20.0,2.0,HARD,6.0,Mercedes,1,6.0,91252.0
1031,98633.0,RUS,21.0,2.0,HARD,7.0,Mercedes,1,6.0,91252.0
1032,98567.0,RUS,22.0,2.0,HARD,8.0,Mercedes,1,6.0,91252.0
1033,98896.0,RUS,23.0,2.0,HARD,9.0,Mercedes,1,6.0,91252.0
1034,99286.0,RUS,24.0,2.0,HARD,10.0,Mercedes,1,6.0,91252.0
1035,99165.0,RUS,25.0,2.0,HARD,11.0,Mercedes,1,6.0,91252.0
1036,99306.0,RUS,26.0,2.0,HARD,12.0,Mercedes,1,6.0,91252.0
1037,99096.0,RUS,27.0,2.0,HARD,13.0,Mercedes,1,6.0,91252.0
1038,99297.0,RUS,28.0,2.0,HARD,14.0,Mercedes,1,5.0,91252.0
1039,99274.0,RUS,29.0,2.0,HARD,15.0,Mercedes,1,5.0,91252.0
1040,99454.0,RUS,30.0,2.0,HARD,16.0,Mercedes,1,5.0,91252.0
1041,99438.0,RUS,31.0,2.0,HARD,17.0,Mercedes,1,5.0,91252.0
1042,99738.0,RUS,32.0,2.0,HARD,18.0,Mercedes,1,5.0,91252.0
1043,101830.0,RUS,33.0,2.0,HARD,19.0,Mercedes,1,5.0,91252.0
1044,119638.0,RUS,34.0,3.0,MEDIUM,1.0,Mercedes,1,7.0,91252.0
1045,97216.0,RUS,35.0,3.0,MEDIUM,2.0,Mercedes,1,6.0,91252.0
1046,97527.0,RUS,36.0,3.0,MEDIUM,3.0,Mercedes,1,6.0,91252.0
1047,97753.0,RUS,37.0,3.0,MEDIUM,4.0,Mercedes,1,6.0,91252.0
1048,97792.0,RUS,38.0,3.0,MEDIUM,5.0,Mercedes,1,6.0,91252.0
1049,97721.0,RUS,39.0,3.0,MEDIUM,6.0,Mercedes,1,6.0,91252.0
1050,97790.0,RUS,40.0,3.0,MEDIUM,7.0,Mercedes,1,6.0,91252.0
1051,97783.0,RUS,41.0,3.0,MEDIUM,8.0,Mercedes,1,6.0,91252.0
1052,98111.0,RUS,42.0,3.0,MEDIUM,9.0,Mercedes,1,6.0,91252.0
1053,98747.0,RUS,43.0,3.0,MEDIUM,10.0,Mercedes,1,6.0,91252.0
1054,98297.0,RUS,44.0,3.0,MEDIUM,11.0,Mercedes,1,6.0,91252.0
1055,108988.0,RUS,45.0,3.0,MEDIUM,12.0,Mercedes,64,5.0,91252.0
1056,,RUS,46.0,4.0,SOFT,3.0,Mercedes,4,6.0,91252.0
1057,120695.0,RUS,47.0,4.0,SOFT,4.0,Mercedes,4,6.0,91252.0
1058,120209.0,RUS,48.0,4.0,SOFT,5.0,Mercedes,4,6.0,91252.0
1059,138375.0,RUS,49.0,4.0,SOFT,6.0,Mercedes,4,6.0,91252.0
1060,138204.0,RUS,50.0,4.0,SOFT,7.0,Mercedes,4,6.0,91252.0
1061,96940.0,RUS,51.0,4.0,SOFT,8.0,Mercedes,1,6.0,91252.0
1062,96529.0,RUS,52.0,4.0,SOFT,9.0,Mercedes,1,6.0,91252.0
1063,96367.0,RUS,53.0,4.0,SOFT,10.0,Mercedes,1,6.0,91252.0
1064,96592.0,RUS,54.0,4.0,SOFT,11.0,Mercedes,1,5.0,91252.0
1065,96395.0,RUS,55.0,4.0,SOFT,12.0,Mercedes,1,5.0,91252.0
1066,96302.0,RUS,56.0,4.0,SOFT,13.0,Mercedes,1,5.0,91252.0
1067,97401.0,RUS,57.0,4.0,SOFT,14.0,Mercedes,1,4.0,91252.0
1068,109195.0,BOT,1.0,1.0,SOFT,4.0,Alfa Romeo,1,14.0,91560.0
1069,100817.0,BOT,2.0,1.0,SOFT,5.0,Alfa Romeo,1,14.0,91560.0
1070,100732.0,BOT,3.0,1.0,SOFT,6.0,Alfa Romeo,1,14.0,91560.0
1071,101127.0,BOT,4.0,1.0,SOFT,7.0,Alfa Romeo,1,14.0,91560.0
1072,101817.0,BOT,5.0,1.0,SOFT,8.0,Alfa Romeo,1,14.0,91560.0
1073,101003.0,BOT,6.0,1.0,SOFT,9.0,Alfa Romeo,1,13.0,91560.0
1074,101287.0,BOT,7.0,1.0,SOFT,10.0,Alfa Romeo,1,13.0,91560.0
1075,101606.0,BOT,8.0,1.0,SOFT,11.0,Alfa Romeo,1,12.0,91560.0
1076,100586.0,BOT,9.0,1.0,SOFT,12.0,Alfa Romeo,1,12.0,91560.0
1077,100788.0,BOT,10.0,1.0,SOFT,13.0,Alfa Romeo,1,12.0,91560.0
1078,101075.0,BOT,11.0,1.0,SOFT,14.0,Alfa Romeo,1,12.0,91560.0
1079,101073.0,BOT,12.0,1.0,SOFT,15.0,Alfa Romeo,1,10.0,91560.0
1080,101291.0,BOT,13.0,1.0,SOFT,16.0,Alfa Romeo,1,10.0,91560.0
1081,103736.0,BOT,14.0,1.0,SOFT,17.0,Alfa Romeo,2,11.0,91560.0
1082,120669.0,BOT,15.0,2.0,MEDIUM,1.0,Alfa Romeo,1,17.0,91560.0
1083,100259.0,BOT,16.0,2.0,MEDIUM,2.0,Alfa Romeo,1,16.0,91560.0
1084,100103.0,BOT,17.0,2.0,MEDIUM,3.0,Alfa Romeo,1,13.0,91560.0
1085,98901.0,BOT,18.0,2.0,MEDIUM,4.0,Alfa Romeo,1,13.0,91560.0
1086,98831.0,BOT,19.0,2.0,MEDIUM,5.0,Alfa Romeo,1,12.0,91560.0
1087,98960.0,BOT,20.0,2.0,MEDIUM,6.0,Alfa Romeo,1,12.0,91560.0
1088,99279.0,BOT,21.0,2.0,MEDIUM,7.0,Alfa Romeo,1,12.0,91560.0
1089,99774.0,BOT,22.0,2.0,MEDIUM,8.0,Alfa Romeo,1,12.0,91560.0
1090,99339.0,BOT,23.0,2.0,MEDIUM,9.0,Alfa Romeo,1,12.0,91560.0
1091,99650.0,BOT,24.0,2.0,MEDIUM,10.0,Alfa Romeo,1,12.0,91560.0
1092,100341.0,BOT,25.0,2.0,MEDIUM,11.0,Alfa Romeo,1,12.0,91560.0
1093,99777.0,BOT,26.0,2.0,MEDIUM,12.0,Alfa Romeo,1,11.0,91560.0
1094,100338.0,BOT,27.0,2.0,MEDIUM,13.0,Alfa Romeo,1,11.0,91560.0
1095,99880.0,BOT,28.0,2.0,MEDIUM,14.0,Alfa Romeo,1,11.0,91560.0
1096,100641.0,BOT,29.0,2.0,MEDIUM,15.0,Alfa Romeo,1,10.0,91560.0
1097,99268.0,BOT,30.0,2.0,MEDIUM,16.0,Alfa Romeo,1,10.0,91560.0
1098,99806.0,BOT,31.0,2.0,MEDIUM,17.0,Alfa Romeo,1,9.0,91560.0
1099,99650.0,BOT,32.0,2.0,MEDIUM,18.0,Alfa Romeo,1,9.0,91560.0
1100,99815.0,BOT,33.0,2.0,MEDIUM,19.0,Alfa Romeo,1,8.0,91560.0
1101,99739.0,BOT,34.0,2.0,MEDIUM,20.0,Alfa Romeo,1,8.0,91560.0
1102,99619.0,BOT,35.0,2.0,MEDIUM,21.0,Alfa Romeo,1,7.0,91560.0
1103,102299.0,BOT,36.0,2.0,MEDIUM,22.0,Alfa Romeo,1,7.0,91560.0
1104,118899.0,BOT,37.0,3.0,MEDIUM,1.0,Alfa Romeo,1,13.0,91560.0
1105,96641.0,BOT,38.0,3.0,MEDIUM,2.0,Alfa Romeo,1,12.0,91560.0
1106,97067.0,BOT,39.0,3.0,MEDIUM,3.0,Alfa Romeo,1,12.0,91560.0
1107,97497.0,BOT,40.0,3.0,MEDIUM,4.0,Alfa Romeo,1,12.0,91560.0
1108,97687.0,BOT,41.0,3.0,MEDIUM,5.0,Alfa Romeo,1,12.0,91560.0
1109,97498.0,BOT,42.0,3.0,MEDIUM,6.0,Alfa Romeo,1,11.0,91560.0
1110,98681.0,BOT,43.0,3.0,MEDIUM,7.0,Alfa Romeo,1,11.0,91560.0
1111,98386.0,BOT,44.0,3.0,MEDIUM,8.0,Alfa Romeo,1,9.0,91560.0
1112,121176.0,BOT,45.0,3.0,MEDIUM,9.0,Alfa Romeo,64,8.0,91560.0
1113,148768.0,BOT,46.0,4.0,SOFT,3.0,Alfa Romeo,4,8.0,91560.0
1114,106020.0,BOT,47.0,4.0,SOFT,4.0,Alfa Romeo,4,8.0,91560.0
1115,105024.0,BOT,48.0,4.0,SOFT,5.0,Alfa Romeo,4,8.0,91560.0
1116,126323.0,BOT,49.0,4.0,SOFT,6.0,Alfa Romeo,4,8.0,91560.0
1117,136411.0,BOT,50.0,4.0,SOFT,7.0,Alfa Romeo,4,8.0,91560.0
1118,97589.0,BOT,51.0,4.0,SOFT,8.0,Alfa Romeo,1,8.0,91560.0
1119,97060.0,BOT,52.0,4.0,SOFT,9.0,Alfa Romeo,1,8.0,91560.0
1120,96599.0,BOT,53.0,4.0,SOFT,10.0,Alfa Romeo,1,8.0,91560.0
1121,96959.0,BOT,54.0,4.0,SOFT,11.0,Alfa Romeo,1,7.0,91560.0
1122,97217.0,BOT,55.0,4.0,SOFT,12.0,Alfa Romeo,1,7.0,91560.0
1123,97260.0,BOT,56.0,4.0,SOFT,13.0,Alfa Romeo,1,7.0,91560.0
1124,97870.0,BOT,57.0,4.0,SOFT,14.0,Alfa Romeo,1,6.0,91560.0
